"Categoría de producto","Nombre","Precio de venta","Referencia interna"
"Canalización / Tubo rojo","Tubo corrugado para canalización de cables PVC DN110 resistencia 450N con guia rojo","3.72","K110 1955000110"
"Iluminación / Tiras LED / Luz Negra / Accesorios","Unión atornillable Luz Negra ip44 con tapas y tornillos para tiras flexibles con ancho total de 12mm","7.2","LNUNION-12MM 42169 42.169"
"Iluminación / Tiras LED / Luz Negra / Accesorios","Regulador de intensidad Luz Negra monocolor triac dali + push - 230v (200w) - ip20 - 1 canal","103.44","LNREG-DALI-230V 41081 41.081"
"Iluminación / Tiras LED / Luz Negra / Accesorios","Conector Luz Negra 9 en 1 para tiras flexibles ip20 con pcb de 10mm sin cable","0.91","LNCON-10MM 42185 42.185"
"Iluminación / Tiras LED / Luz Negra / Accesorios","Cable paralelo Luz Negra0,5mm rojo y negro","0.63","LNPARALELO 42051 42.051"
"Iluminación / Tiras LED / Luz Negra / Accesorios","Conector Luz Negra 9 en 1 para tiras flexibles ip20 con pcb de 5mm sin cable","9.18","LNCON-5MM 42183 42.183"
"Iluminación / Tiras LED / Luz Negra / Accesorios","Kit conector estanco Luz Negra IP65 atornillable con cable de 20cm.","4.12","LNCONESTANCO 42004 42.004"
"Iluminación / Tiras LED / Luz Negra / Accesorios","Conector atornillable Luz Negra en ""CRUZ"" ip44 con tapas y tornillos para tiras flexibles con ancho total de 12mm sin cable","14.02","LNCON-CRUZ-12MM 42171 42.171"
"Iluminación / Tiras LED / Luz Negra / Accesorios","Conector atornillable Luz Negra en ""L HORIZONTAL"" ip44 con tapas y tornillos para tiras flexibles con ancho total de 12mm.","9.5","LNCON-L-12MM 42172 42.172"
"Iluminación / Tiras LED / Luz Negra / Accesorios","Conector atornillable Luz Negra en ""T"" ip44 con tapas y tornillos para tiras flexibles con ancho total de 12mm","11.74","LNCON-T-12MM 42170 42.170"
"Iluminación / Tiras LED / Luz Negra / Accesorios","Silicona transparente Luz Negra para estancar tubo 45gr.","16.37","LNSILICONA 22140 22.140"
"Iluminación / Tiras LED / Luz Negra","Tira flexible Luz Negra ecoled cob roll to roll - 4000k - 24v - 11w/m - ip20 - 480leds/m - ancho de tira 8mm","8.62","LN24-4000-8MM 31241 31.241"
"Iluminación / Tiras LED / Luz Negra","Tira flexible Luz Negra ecoled infinity cob - 3000k - 230v - 14w/m - ip65 - ancho de tira 10mm","16.37","LN230-3000-10MM 34066 34.066"
"Iluminación / Tiras LED / Luz Negra","Tira flexible Luz Negra ecoled cob slim 5mm – 4000k - 24v - 10w/m – ip20 - ancho de tira 5mm","11.01","LN24-4000-5MM 31141 31.141"
"Iluminación / Tiras LED / Luz Negra","Tira flexible Luz Negra ecoled cob ip67 - 4000k - 24v - 15w/m - ancho de tira 10mm","20.36","LN24-4000-10MM 31105 31.105"
"Iluminación / Tiras LED / Luz Negra","Tira flexible Luz Negra ecoled infinity cob - 4000k - 230v - 14w/m - ip65 - ancho de tira 10mm","16.37","LN230-4000-10MM 34038 34.038"
"Iluminación / Tiras LED / Luz Negra","Tira flexible Luz Negra ecoled cob ip67 - 2700k - 24v - 15w/m - ancho de tira 10mm","20.36","LN24-2700-10MM 31208 31.208"
"Iluminación / Tiras LED / Luz Negra","Tira flexible Luz Negra ecoled infinity cob - 2700k - 230v - 14w/m - ip65 - ancho de tira 10mm","16.37","LN230-2700-10MM 34039 34.039"
"Iluminación / Tiras LED / Luz Negra","Tira flexible Luz Negra ecoled cob roll to roll - 3000k - 24v - 11w/m - ip20 - 480leds/m - ancho de tira 8mm","8.62","LN24-3000-8MM 31240 31.240"
"Iluminación / Tiras LED / Luz Negra","Tira flexible Luz Negra ecoled cob roll to roll - 2700k - 24v - 11w/m - ip20 - 480leds/m - ancho de tira 8mm","8.62","LN24-2700-8MM 31239 31.239"
"Iluminación / Tiras LED / Luz Negra","Tira flexible Luz Negra ecoled cob slim 5mm – 2700k - 24v - 10w/m – ip20 - ancho de tira 5mm","11.01","LN24-2700-5MM 31140 31.140"
"Iluminación / Tiras LED / Luz Negra","Tira flexible Luz Negra ecoled cob ip67 - 3000k - 24v - 15w/m - ancho de tira 10mm","20.36","LN24-3000-10MM 31104 31.104"
"Canalización / Forro / Blanco","Tubo corrugado forrado Blanco 32mm² ⌀","1.87","FORROBLANCO32 080600032"
"Canalización / Forro / Blanco","Tubo corrugado forrado Blanco 25mm² ⌀","1.23","FORROBLANCO25 080600025"
"Canalización / Forro / Blanco","Tubo corrugado forrado Blanco 50mm² ⌀","3.93","FORROBLANCO50 080600050"
"Canalización / Forro / Blanco","Tubo corrugado forrado Blanco 40mm² ⌀","2.61","FORROBLANCO40 080600040"
"Canalización / Forro / Blanco","Tubo corrugado forrado Blanco 20mm² ⌀","0.91","FORROBLANCO20 080600020"
"Canalización / Forro / Blanco / Libre Halógenos","Tubo corrugado para canalización de cables poliolefina DN50 libre de halógenos (LHA) resistencia 320N gris","6.04","FORROLH50 6200020050"
"Canalización / Forro / Blanco / Libre Halógenos","Tubo corrugado para canalización de cables poliolefina DN32 libre de halógenos (LHA) resistencia 320N gris","3.37","FORROLH32 6200020032"
"Canalización / Forro / Blanco / Libre Halógenos","Tubo corrugado para canalización de cables poliolefina DN40 libre de halógenos (LHA) resistencia 320N gris","5.27","FORROLH4O 6200020040"
"Canalización / Forro / Blanco / Libre Halógenos","Tubo corrugado para canalización de cables poliolefina DN25 libre de halógenos (LHA) resistencia 320N gris","2.27","FORROLH25 6200020025"
"Canalización / Forro / Blanco / Libre Halógenos","Tubo corrugado para canalización de cables poliolefina DN20 libre de halógenos (LHA) resistencia 320N gris","1.71","FORROLH20 6200020020"
"Canalización / Forro / Blanco / Libre Halógenos","Tubo corrugado para canalización de cables poliolefina DN16 libre de halógenos (LHA) resistencia 320N gris","1.33","FORROLH16 6200020016"
"Iluminación / Luminarias / Downlights","Aro empotrable Indeluz Leda circular 1x50W GU10 blanco orientable","12.0","INDALUZEMP LEDA 752A-G42X1B-01"
"Cuadros / Protecciones / Hager / Sobretensiones","Interruptor automático magnetotérmico terciario Hager M C63 1P+N 6/10kA","352.61","MCA563"
"Cuadros / Protecciones / Hager / Sobretensiones","Protección contra sobretensiones para red eléctrica Hager SPBD 1,3kV 5kA 2p 63A carril DIN 35 mm (perfil sombrero) 1 módulo ","131.66","SPB205D"
"Cuadros / Protecciones / Hager / Sobretensiones","Bobina protección sobretensiones permanentes 230V","122.42","MZ212"
"Cableado / Trenzado / Accesorios","Conector de perforación ABT/CT-95/10 SOFAMEL","3.66","PETACA95/10 136091"
"Cableado / Trenzado / Accesorios","Conector perforador ABT/CT-95/35 SOFAMEL","5.94","PETACA95/35 136120"
"Cableado / Trenzado / Accesorios","Conector perforador ABT/CT-150/35 SOFAMEL","6.07","PETACA105/35 136130"
"Cableado / Trenzado / Accesorios","Conector de perforación ABT/CT-35/6 SOFAMEL","3.26","PETACA35/6 136090"
"Cableado / Unifilar","Cable solar LHA H1Z2Z2-K, 6mm2 1500V clase 5 flexible","3.0","S1X6 H1Z2Z2-K"
"Cableado / Trenzado / Accesorios","Piqueta de toma de tierra 2 mts con abrazadera simple","59.65","PIQUETA        "
"Cajas / Acometida / Puertas","Puerta metálica CAHORS para nicho de 900 mm alto x 500 mm ancho MODULO TRIFÁSICO","273.0","CAH90X50 0931109"
"Cajas / Acometida / Puertas","Puerta metálica CAHORS para nicho de 600 mm alto x 600 mm ancho MODULO MONOFASICO","152.0","CAH60X60 0931102"
"Cajas / Acometida / Puertas","Puerta para nicho CAHORS 2 cierres triangular 1900x900x260mm MEDICION INDIRECTA","604.0","CAHX190X90 0931280"
"Cajas / Acometida / Puertas","Puerta metálica CAHORS para nicho de 1.150 mm alto x 1.300 mm ancho CS+CGP HORIZONTAL","630.0","CAH115X130 0931294"
"Cajas / Ide","Caja empotrar universal para pared de pladur 2 elementos","4.77","PLADUR2 D70/2K"
"Cajas / Ide","Caja empotrar universal para pared de pladur 4 elementos","11.12","PLADUR4 D70/4K"
"Cajas / Ide","Separador para cajas empotrables de la marca Kaiser rojo","1.17","SEPARADORROJO 1887"
"Cajas / Ide","Caja empotrar universal para pared de pladur 1 elemento","1.84","PLADUR1 D70/1K"
"Cajas / Ide","Caja empotrar universal para pared de pladur 3 elementos","6.28","PLADUR3 D70/3K"
"Cajas / Kopos","Cajetín para mecanismo Kopos 2 módulos 138x68x50mm goma","5.11","KOPOS2 6621010292"
"Cajas / Kopos","Cajetín para mecanismo Kopos 3 módulos 209x68x50mm goma","6.73","KOPOS3 6621010293"
"Cajas / Kopos","Cajetín para mecanismo Kopos 1 módulo Ø68mm goma","2.7","KOPOS1 6621010290"
"Cajas / Kopos","Cajetín para mecanismo Kopos 5 módulos 351x68x50mm goma","15.51","KOPOS5 6621010295"
"Cajas / Kopos","Cajetín para mecanismo Kopos 4 módulos 280x68x50mm goma","11.31","KOPOS4 6621010294"
"Partidas","Servicio según partes de horas","40.0","SERVICIOHORAS"
"Partidas","Diagnosis de la incidencia","80.0","V2C"
"Partidas","'- No se incluyen reparaciones de instalación tipo toma de tierra insuficiente, problema de 2 fases en el suministro u otros problemas los cuales afecten a el correcto funcionamiento del cargador.","0.0","VE"
"Partidas","Punto de recarga para vehículo eléctrico V2C Trydan PRO 7,4kW monofásico cable tipo 2 5m pared con protecciones eléctricas","832.5","TRYDANPRO CON PROTECCIONES"
"Canalización / Binke / Blindado","Tubo metálico flexible para instalación de cables Interflex Ecoplast Nº 48 Ø50mm","25.66","BINKEBLINDAT48 45048"
"Canalización / Binke / Blindado","Tubo metálico flexible para instalación de cables Interflex Ecoplast Nº 36 Ø39mm","19.68","BINKEBLINDAT36 45036"
"Canalización / Binke / Blindado","Tubo metálico flexible para instalación de cables Interflex Ecoplast Nº 29 Ø30mm","14.08","BINKEBLINDAT29 45029"
"Canalización / Binke / Blindado","Tubo metálico flexible para instalación de cables Interflex Ecoplast Nº 21 Ø22mm","8.72","BINKEBLINDAT21 45021"
"Canalización / Binke / Blindado","Tubo metálico flexible para instalación de cables Interflex Ecoplast Nº 11 Ø14mm","5.69","BINKEBLIDAT11 45011"
"Canalización / Binke / Blindado","Tubo metálico flexible para instalación de cables Interflex Ecoplast Nº 16 Ø17mm","6.87","BINKEBLINDAT16 45016"
"Canalización / Binke / Blindado","Tubo metálico flexible para instalación de cables Interflex Ecoplast Nº 13 Ø15mm","6.1","BINKEBLINDAT13 45013"
"Canalización / Binke / Blindado","Tubo metálico flexible para instalación de cables Interflex Ecoplast Nº 9 Ø11mm","4.53","BINKEBLINDAT9 45009"
"Canalización / Binke / Blindado","Tubo metálico flexible para instalación de cables Interflex Ecoplast Nº 7 Ø9mm","3.98","BINKEBLINDAT7 45007"
"Canalización / Binke / Blanco","Tubo corrugado para canalización de cables PVC Gaestopas Electroflex M40 DN40 resistencia 320N gris","10.74","BINKEBLANC40 925.4000.0"
"Canalización / Binke / Blanco","Tubo corrugado para canalización de cables PVC Gaestopas Electroflex M25 DN25 resistencia 320N gris","5.78","BINKEBLANC25 925.2500.0"
"Canalización / Binke / Blanco","Tubo corrugado para canalización de cables PVC Gaestopas Electroflex M20 DN20 resistencia 320N gris","5.05","BINKEBLANC20 925.2000.0"
"Canalización / Binke / Blanco","Tubo corrugado para canalización de cables PVC Gaestopas Electroflex M16 DN16 resistencia 320N gris","4.1","BINKEBLANC16 925.1600.0"
"Canalización / Binke / Blanco","Tubo corrugado para canalización de cables PVC Gaestopas Electroflex M50 DN50 resistencia 320N gris","13.58","BINKEBLANC50 925.5000.0"
"Canalización / Binke / Blanco","Tubo corrugado para canalización de cables PVC Gaestopas Electroflex M12 DN12 resistencia 320N gris","3.02","BINKEBLANC12 925.1200.0"
"Canalización / Binke / Blanco","Tubo corrugado para canalización de cables PVC Gaestopas Electroflex M32 DN32 resistencia 320N gris","7.4","BINKEBLANC32 925.3200.0"
"Canalización / Binke / Gris","Interflex tubo PVC para instalación de cables Heliplast roscado 38,9x46,5mm gris Nº 36","10.5","BINKE36 77036"
"Canalización / Binke / Gris","Interflex tubo PVC para instalación de cables Heliplast roscado 17,3x22,8mm gris Nº 16","4.19","BINKE16 77016"
"Canalización / Binke / Gris","Interflex tubo PVC para instalación de cables Heliplast roscado 8,6x13,1mm gris Nº 7","2.56","BINKE7 77007"
"Canalización / Binke / Gris","Interflex tubo PVC para instalación de cables Heliplast roscado 50,9x59,4mm gris Nº 48","14.53","BINKE48 77048"
"Canalización / Binke / Gris","Interflex tubo PVC para instalación de cables Heliplast roscado 13,9x19mm gris Nº 11","3.4","BINKE11 77011"
"Canalización / Binke / Gris","Interflex tubo PVC para instalación de cables Heliplast roscado 29,4x36,5mm gris Nº 29","7.78","BINKE29 77029"
"Canalización / Binke / Gris","Interflex tubo PVC para instalación de cables Heliplast roscado 15,3x20,6mm gris Nº 13","3.69","BINKE13 77013"
"Canalización / Binke / Gris","Interflex tubo PVC para instalación de cables Heliplast roscado 10,4x15,3mm gris Nº 9","2.7","BINKE9 77009"
"Canalización / Binke / Gris","Interflex tubo PVC para instalación de cables Heliplast roscado 21,8x27,5mm gris Nº 21","5.23","BINKE21 77021"
"Cuadros / Hager / Empotrar","Kit de fijación Hager para pared hueca de cajas emp. Golf VF","14.3","GOLFFIJACION VZ696N"
"Cuadros / Schneider / Superfície","Caja de distribución Schneider Electric Mini Pragma superficie 1 fila 8 módulos puerta ciego IP40","50.08","PRAGMASUP8 MIP10108"
"Cuadros / Schneider / Superfície","Caja de distribución Schneider Electric Mini Pragma superficie 3 filas 36 módulos puerta ciego IP40","139.28","PRAGMASUP36 MIP10312"
"Cuadros / Schneider / Superfície","Caja de distribución Schneider Electric Mini Pragma superficie 2 filas 24 módulos puerta ciego IP40","87.47","PRAGMASUP24 MIP10212"
"Cuadros / Schneider / Superfície","Caja de distribución Schneider Electric Mini Pragma superficie 1 fila 12 módulos puerta ciego IP40","58.17","PRAGMASUP12 MIP10112"
"Cuadros / Schneider / Superfície","Caja de distribución Schneider Electric Mini Pragma superficie 1 fila 4 módulos puerta ciego IP40","36.56","PRAGMASUP4 MIP10104"
"Cuadros / Schneider / Superfície","Caja de distribución Schneider Electric Mini Pragma superficie 1 fila 6 módulos puerta ciego IP40","43.28","PRAGMASUP6 MIP10106"
"Cuadros / Schneider / Superfície","Caja de distribución Schneider Electric Mini Pragma superficie 1 fila 18 módulos puerta ciego IP40","83.07","PRAGMASUP18 MIP10118"
"Cuadros / Schneider / Empotrar","Caja de distribución Schneider Electric PrismaSeT empotrable 4 filas 96 módulos puerta ciega IP40","1073.26","PRAGMA96 LVSXG424"
"Cuadros / Schneider / Empotrar","Caja de distribución Schneider Electric Mini Pragma empotrable 1 fila 8 módulos puerta ciego IP40","35.45","PRAGMAEMP8 MIP20108"
"Cuadros / Schneider / Empotrar","Caja de distribución Schneider Electric Mini Pragma empotrable 3 filas 36 módulos puerta ciego IP40","119.85","PRAGMAEMP36 MIP20312"
"Cuadros / Schneider / Empotrar","Caja de distribución Schneider Electric PrismaSeT empotrable 2 filas 48 módulos puerta ciega IP40","750.48","PRAGMA48 LVSXG224"
"Cuadros / Schneider / Empotrar","Caja de distribución Schneider Electric PrismaSeT empotrable 2 filas 36 módulos puerta ciega IP40","212.08","PRAGMA36 LVSXE218"
"Cuadros / Schneider / Empotrar","Caja de distribución Schneider Electric PrismaSeT empotrable 4 filas 72 módulos puerta ciega","550.53","PRAGMA72 LVSXE418"
"Cuadros / Schneider / Empotrar","Caja de distribución Schneider Electric Mini Pragma empotrable 2 filas 24 módulos puerta ciego IP40","75.23","PRAGMAEMP24 MIP20212"
"Cuadros / Schneider / Empotrar","Caja de distribución Schneider Electric Mini Pragma empotrable 1 fila 6 módulos puerta ciego IP40","29.49","PRAGMAEMP6 MIP20106"
"Cuadros / Schneider / Empotrar","Caja de distribución Schneider Electric Mini Pragma empotrable 1 fila 4 módulos puerta ciego IP40","21.64","PRAGMAEMP4 MIP20104"
"Cuadros / Schneider / Empotrar","Caja de distribución Schneider Electric Mini Pragma empotrable 1 fila 12 módulos puerta ciego IP40","50.02","PRAGMAEMP12 MIP20112"
"Cuadros / Schneider / Empotrar","Caja de distribución Schneider Electric PrismaSeT empotrable 3 filas 54 módulos puerta ciega IP40","292.01","PRAGMA54 LVSXE318"
"Cuadros / Schneider / Empotrar","Caja de distribución Schneider Electric Mini Pragma empotrable 1 fila 18 módulos puerta ciego IP40","71.46","PRAGMAEMP18 MIP20118"
"Cuadros / Hager / Superfície","Caja de distribución Hager Golf VS superficie 3 filas 36 módulos puerta ciego IP40","122.0","GOLFSUP36M3FILAS VS312PE"
"Cuadros / Hager / Superfície","Caja de distribución Hager Golf VS superficie 1 fila 18 módulos puerta ciego IP40","75.6","GOLFSUP18 VS118PES"
"Cuadros / Hager / Superfície","Caja de distribución Hager Golf VS superficie 1 fila 12 módulos puerta ciego IP40","43.5","GOLFSUP12 VS112PEB"
"Cuadros / Hager / Superfície","Caja de distribución Hager Golf VS superficie 4 filas 72 módulos puerta ciego IP40","319.8","GOLFSUP72 VS418PES"
"Cuadros / Hager / Superfície","Caja de distribución Hager Golf VS superficie 3 filas 54 módulos puerta ciego IP40","184.75","GOLFSUP54M3FILAS VS318PES"
"Cuadros / Hager / Superfície","Caja de distribución Hager Golf VS superficie 4 filas 48 módulos puerta ciego IP40","170.95","GOLFSUP48 VS412PE"
"Cuadros / Hager / Superfície","Caja de distribución Hager Golf VS superficie 2 filas 36 módulos puerta ciego IP40","134.35","GOLFSUP36M2FILAS VS218PES"
"Cuadros / Hager / Superfície","Caja de distribución Hager Golf VS superficie 2 filas 24 módulos puerta ciego IP40","78.85","GOLFSUP24 VS212PE"
"Cuadros / Hager / Superfície","Caja de distribución Hager Golf VF empotrable 3 filas 36 módulos puerta ciego IP40","109.1","GOLFEMP36M3FILAS VF312PE"
"Cuadros / Hager / Empotrar","Caja de distribución Hager Golf VF empotrable 4 filas 72 módulos puerta ciego IP40","299.65","GOLFEMP72 VF418PES"
"Cuadros / Hager / Empotrar","Cuadro de automáticos Hager Golf VU empotrable 5 filas 60 módulos con tapa opaca","269.65","GOLFEMP60M VU60EP"
"Cuadros / Hager / Empotrar","Caja de distribución Hager Golf VF empotrable 1 fila 12 módulos puerta ciego IP40","38.15","GOLFEMP12 VF112PEB"
"Cuadros / Hager / Empotrar","Caja de distribución Hager Golf VF empotrable 2 filas 36 módulos puerta ciego IP40","117.45","GOLFEMP36M2FILAS VF218PES"
"Cuadros / Hager / Empotrar","Caja de distribución Hager Golf VF empotrable 4 filas 48 módulos puerta ciego IP40","166.0","GOLFEMP48 VF412PE"
"Cuadros / Hager / Empotrar","Cuadro de automáticos Hager Golf VU empotrable 4 filas 48 módulos con tapa opaca","251.6","GOLFEMP48M VU48EP"
"Cuadros / Hager / Empotrar","Cuadro de automáticos Hager Golf VU empotrable 3 filas 36 módulos con tapa opaca","157.45","GOLFEMP36M VU36EP"
"Cuadros / Hager / Empotrar","Cuadro de automáticos Hager Golf VU empotrable 2 filas 24 módulos con tapa opaca","108.7","GOLFEMP24M VU24EP"
"Cuadros / Hager / Empotrar","Caja de distribución Hager Golf VF empotrable 2 filas 24 módulos puerta ciego IP40","55.15","GOLFEMP24 VF212PEB"
"Cajas / Acometida / Puertas","Puerta para nicho CAHORS PPN12090 1200x900x300mm triangular","399.0","CAH120X90 0931220"
"Cajas / Acometida / Puertas","Puerta para modulo trifasico con fusibles UTE","199.5","PUERTATRIUTE   "
"Cajas / Acometida / Puertas","PUERTA IK10 TIPO GESA 80cm ALTO x 40cm ANCHO CPM-1T","225.99","PUERTATRIAL    "
"Cajas / Acometida / Puertas","Persiana Madera Norte tipo mallorquina 40cm alto X 40cm ancho","165.0","PERSIANAMADERA50X40"
"Cajas / Acometida / Puertas","PUERTA IK10 TIPO GESA 40cm ALTO x 50cm ANCHO CPM-1M","165.66","PUERTAMONOAL   "
"Cajas / Acometida / Puertas","Persiana GESA Norte 40X50 para contador monofasico","146.3","PERSIANAMONO   "
"Cajas / Plexo / Con Tomas","Caja de empalme para superficie mural/techo Legrand Plexo poliéster 220x170x86mm 14 tomas","16.65","SUP220 092186"
"Cajas / Plexo / Con Tomas","Caja de empalme para superficie mural/techo Legrand Plexo poliéster 180x140x92mm 10 tomas","12.13","SUP180 092176"
"Cajas / Plexo / Con Tomas","Caja de empalme para superficie mural/techo Legrand Plexo poliéster 105x105x55mm 7 tomas LH","4.97","SUP100 092022"
"Cajas / Plexo / Con Tomas","Caja de empalme para superficie mural/techo Legrand Plexo poliéster 155x110x74mm 10 tomas","8.91","SUP150 092166"
"Cajas / Plexo / Con Tomas","Caja de empalme para superficie mural/techo Legrand Plexo poliéster 80x80x45mm 7 tomas LH","2.83","SUP80 092012"
"Cajas / Plexo / Con Tomas","Caja de empalme para superficie mural/techo Legrand Plexo poliéster 310x240x124mm 18 tomas","84.11","SUP310 092196"
"Cajas / Plexo / Con Tomas","Caja de empalme para superficie mural/techo Legrand Plexo poliéster Ø70x45mm 4 tomas LH","2.61","SUPREDONDA 092002"
"Cajas / Plexo / Sin Tomas","Caja de empalme para superficie mural/techo Legrand Plexo poliéster 220x170x86mm sin tomas","15.89","SUP220ST 035966"
"Cajas / Plexo / Sin Tomas","Caja de empalme para superficie mural/techo Legrand Plexo poliéster 180x140x86mm sin tomas","11.55","SUP180ST 035956"
"Cajas / Plexo / Sin Tomas","Caja de empalme para superficie mural/techo Legrand Plexo poliéster 155x110x74mm sin tomas","8.77","SUP150ST 035946"
"Cajas / Plexo / Sin Tomas","Caja de empalme para superficie mural/techo Legrand Plexo poliéster 310x240x124mm sin tomas","89.65","SUP310ST 035986"
"Cajas / Plexo / Sin Tomas","Caja de empalme para superficie mural/techo Legrand Plexo poliéster 105x105x55mm sin tomas LH","4.9","SUP100ST 092020"
"Cuadros / Ide / Superfície","Caja de distribución IdE IP40 de superficie 70 módulos","237.19","IDE70SUP GMST70PO"
"Cuadros / Ide / Superfície","Caja de distribución IdE IP40 de superficie 28 módulos","156.57","IDE28SUP GMST28PO"
"Cuadros / Ide / Superfície","Caja de distribución IdE IP40 de superficie 42 módulos","181.87","IDE42SUP GMST42PO"
"Cuadros / Ide / Superfície","Caja de distribución IdE IP40 de superficie 56 módulos","200.85","IDE56SUP GMST56PO"
"Cuadros / Ide / Empotrar / Pared","Caja distribución de empotrar IDE 5x14 módulos ( 70 ) con puerta metálica","131.65","IDE70PO GME70PO"
"Cuadros / Ide / Empotrar / Pared","Caja distribución de empotrar IDE 3x14 módulos ( 42 ) con puerta metálica","96.19","IDE42PO GME42PO"
"Cuadros / Ide / Empotrar / Pared","Caja multimedia de empotrar IDE 425x295 con puerta metálica","111.6","IDE56TPO GMEM56PO"
"Cuadros / Ide / Empotrar / Pared","Caja multimedia de empotrar IDE 550x295 con puerta metálica","138.46","IDE70TPO GMEM70PO"
"Cuadros / Ide / Empotrar / Pared","Caja distribución de empotrar IDE 2x14 módulos ( 28 ) con puerta metálica","80.12","IDE28PO GME28PO"
"Cuadros / Ide / Empotrar / Pared","Caja multimedia de empotrar IDE 300x295 con puerta metálica","94.64","IDE42TPO GMEM42PO"
"Cuadros / Ide / Empotrar / Pared","Caja distribución de empotrar IDE 4x14 módulos ( 56 ) con puerta metálica","120.1","IDE56PO GME56PO"
"Cuadros / Ide / Empotrar / Pladur","Caja distribución de empotrar IDE 5x14 módulos ( 70 ) con puerta metálica para pared de pladur","155.74","IDE70PH GME70PO/PH"
"Cuadros / Ide / Empotrar / Pladur","Caja multimedia de empotrar IDE 425x295 con puerta metálica para pared de pladur","129.2","IDE56TPH GMEM56PO/PH"
"Cuadros / Ide / Empotrar / Pladur","Caja distribución de empotrar IDE 3x14 módulos ( 42 ) con puerta metálica para pared de pladur ","113.88","IDE42PH GME42PO/PH"
"Cuadros / Ide / Empotrar / Pladur","Caja multimedia de empotrar IDE 300x295 con puerta metálica para pared de pladur","110.46","IDE42TPH GMEM42PO/PH"
"Cuadros / Ide / Empotrar / Pladur","Caja distribución de empotrar IDE 4x14 módulos ( 56 ) con puerta metálica para pared de pladur ","141.01","IDE56PH GME56PO/PH"
"Cuadros / Ide / Empotrar / Pladur","Caja multimedia de empotrar IDE 550x295 con puerta metálica para pared de pladur","161.0","IDE70TPH GMEM70PO/PH"
"Cuadros / Ide / Empotrar / Pladur","Caja distribución de empotrar IDE 2x14 módulos ( 28 ) con puerta metálica para pared de pladur","94.39","IDE28PH GME28PO/PH"
"Epis","GUANTES LATEX JUBA DIELÉCTRICO 500v","27.95","2091903"
"Epis","Casco industrial con pantalla tactil integrada SICAME MO-185","125.0","00197252"
"Epis","Casco con ventilación G3000","24.95","00195958"
"Epis","Gafas PEGASO SICURIS 73.9 Antivaho","4.25","00154131"
"Epis","CASCO IRUDEK OREKA P/TRABAJO EN ALTURA","33.95","00236062"
"Epis","Tapones auditivos de espuma","0.34","00215036"
"Epis","Kit IRUDEK ROQUE NUBLO ARNES + 2 MOSQUETONES + CUERDA+ BOLSA","29.95","00214903"
"Epis","Alfombra aislante de caucho de alta calidad dieléctrica","35.95","00185723"
"Epis","KIT IRUDEK PIRINEOS CINTURON + 2 MOSQUETONES+ CUERDA+ BOLSA","28.5","00214901"
"Epis","Mascarilla autofilt rante para partículas","2.6","00212338"
"Cuadros / Accesorios / Repartidores / IdE","Bloque repartidor IdE 4 polos, 1 entrada - 14 salidas, 125A","54.31","REPAR48723 48723"
"Cuadros / Accesorios / Repartidores / IdE","Bloque repartidor IdE 4 polos, 1 entrada - 10 salidas, 125A","38.34","REPAR48722 48722"
"Cuadros / Accesorios / Repartidores / IdE","Bloque repartidor IdE 4 polos, 1 entrada - 6 salidas, 125A","23.8","REPAR48724 48724"
"Cuadros / Plexo","Caja de distribución Legrand Plexo3 superficie 1 fila 8 módulos puerta transparente estanco (IP65)","66.67","8EST 601998"
"Cuadros / Plexo","Caja de distribución Legrand Plexo3 superficie 4 filas 72 módulos puerta transparente estanco (IP65)","626.46","72EST 601838"
"Cuadros / Plexo","Caja de distribución Legrand Plexo3 superficie 3 filas 54 módulos puerta transparente estanco (IP65)","334.53","54EST 601837"
"Cuadros / Plexo","Caja de distribución Legrand Plexo3 superficie 2 filas 36 módulos puerta transparente estanco (IP65)","265.63","36EST2FILAS 601836"
"Cuadros / Plexo","Caja de distribución Legrand Plexo3 superficie 1 fila 12 módulos puerta transparente estanco (IP65)","93.3","12EST 601831"
"Cuadros / Plexo","Caja de distribución Legrand Plexo3 superficie 1 fila 4 módulos puerta transparente estanco (IP65)","33.69","4EST 601994"
"Cuadros / Plexo","Caja de distribución Legrand Plexo3 superficie 1 fila 6 módulos puerta transparente estanco (IP65)","42.62","6EST 601996"
"Cuadros / Plexo","Caja de distribución Legrand Plexo3 superficie 1 fila 3 módulos puerta transparente estanco (IP65)","29.03","3EST 601932"
"Cuadros / Plexo","Caja de distribución Legrand Plexo3 superficie 2 filas 24 módulos puerta transparente estanco (IP65)","190.98","24EST 601832"
"Cuadros / Plexo","Caja de distribución Legrand Plexo3 superficie 1 fila 18 módulos puerta transparente estanco (IP65)","159.8","18EST 601835"
"Cuadros / Plexo","Caja de distribución Legrand Plexo3 superficie 3 filas 36 módulos puerta transparente estanco (IP65)","237.82","36EST3FILAS 601833"
"Cuadros / Accesorios / Repartidores / Monoblock","Bloque conexión 1P 160A 2X50+3X16/8X10 mm²","79.55","MONOBLOCK160AH KJ02CN"
"Cuadros / Accesorios / Repartidores / Monoblock","Borna de distribución Schneider Electric Prisma G 1 polos 70 mm²","55.0","MONOBLOCK160A LGY116013"
"Cuadros / Accesorios / Repartidores / Legrand","Repartidor para armario de distribución Legrand 2 polos 100A 6 conexiones","41.39","REPAR400401 400401"
"Cuadros / Accesorios / Repartidores / Legrand","Repartidor para armario de distribución Legrand 2 polos 125A 14 conexiones","58.28","REPAR400403 400403"
"Cuadros / Accesorios / Repartidores / Legrand","Repartidor para armario de distribución Legrand 4 polos 125A 14 conexiones","81.58","REPAR400409 400409"
"Cuadros / Accesorios / Repartidores / Legrand","Repartidor para armario de distribución Legrand 4 polos 100A 11 conexiones","79.92","REPAR400407 400407"
"Cuadros / Accesorios / Repartidores / Legrand","Repartidor para armario de distribución Legrand 4 polos 100A 6 conexiones","49.63","REPAR400405 400405"
"Cuadros / Accesorios / Repartidores / Legrand","Repartidor para armario de distribución Legrand 4 polos 125A 10 conexiones","68.78","REPAR400408 400408"
"Cuadros / Accesorios / Repartidores / Legrand","Repartidor para armario de distribución Legrand 4 polos 100A 10 conexiones","61.47","REPAR400406 400406"
"Cuadros / Accesorios / Repartidores / Legrand","Repartidor para armario de distribución Legrand 4 polos 160A 14 conexiones","186.94","REPAR400411 400411"
"Mecanismos / Jung / LS 990","Placa para toma comunicación y datos Jung Serie LS RJ45 2 conectores blanco alpino","5.9","J990RJ45TAPADOBLE LS969-1UAWW"
"Mecanismos / Jung / LS 990","Pulsador tecla basculante Jung Serie LS sin impresión","8.29","J990PUL 531U"
"Mecanismos / Jung / LS 990","Toma de corriente horizontal y vertical Jung Serie LS schuko y usb blanco alpino","80.39","J990ENUSB LS1520-15CAWW"
"Mecanismos / Jung / LS 990","Conmutador doble Jung Serie LS","20.96","J990DOBLE 509U"
"Mecanismos / Jung / LS 990","Tapa para mecanismos Jung Serie LS para dimmer blanco alpino IP44","6.79","J990TAPAREG LS1940WW"
"Mecanismos / Jung / LS 990","Tapa para mecanismos Jung Serie LS para antena de televisión blanco alpino","5.9","J990TAPATV LS990TVWW"
"Mecanismos / Jung / LS 990","Interruptor bipolar Jung Serie LS 10A","16.15","J990BIPOLAR 502U"
"Mecanismos / Jung / LS 990","Cruzamiento Jung Serie LS 10A","18.85","J990CRUCE 507U"
"Mecanismos / Jung / LS 990","Toma de comunicación y datos Jung Serie LS RJ45 8(8) categoria 6A gris","28.43","J990RJ45 UAE8UPOK6"
"Mecanismos / Jung / LS 990","Pulsador doble tecla basculante Jung Serie LS sin impresión","16.55","J990PULDOBLE 535U"
"Mecanismos / Jung / LS 990","Toma de corriente horizontal y vertical Jung Mecanismos schuko","6.3","J990EN 1521EINS"
"Mecanismos / Jung / LS 990","Toma de comunicación y datos Jung Serie LS 2x RJ45 8(8) categoria 6A gris","38.36","J990RJ45DOBLE UAE8-8UPOK6"
"Mecanismos / Jung / LS 990","Zumbador Jung Serie LS 230V AC blanco alpino","46.78","J990ZUM LS967ESWW"
"Mecanismos / Jung / LS 990","Regulador Jung Serie LS botón giratorio/pulsador 20-420W universal","120.51","J990REG 1731DD"
"Mecanismos / Jung / LS 990","Tecla para mecanismos Jung Serie LS tecla basculante simple sin impresión blanco alpino","4.65","J990TECLA LS990WW"
"Mecanismos / Jung / LS 990","Tapa para mecanismos Jung Serie LS para cazoleta tapa enchufe blanco alpino","6.74","J990TAPAEN LS1520KIPLWW"
"Mecanismos / Jung / LS 990","Tapa para mecanismos Jung Serie LS para placa ciega blanco alpino IP44","10.28","J990CIEGA LS994BWW"
"Mecanismos / Jung / LS 990","Tecla para mecanismos Jung Serie LS tecla basculante doble sin impresión blanco alpino","7.95","J990TECLADOBLE LS995WW"
"Mecanismos / Jung / LS 990","Tapa para mecanismos Jung Serie LS para salida de cable blanco alpino","15.1","J990SALIDA LS990AWW"
"Mecanismos / Jung / LS 990","Pulsador de persiana Jung Serie LS 2 teclas","24.89","J990PERSI 539VU"
"Mecanismos / Jung / LS 990","Marco para mecanismos Jung Serie LS 2 elementos horizontal y vertical blanco alpino IP44","5.63","J990M2 LS982WW"
"Mecanismos / Jung / LS 990","Marco para mecanismos Jung Serie LS 4 elementos horizontal y vertical blanco alpino IP44","20.14","J990M4 LS984WW"
"Mecanismos / Jung / LS 990","Toma de comunicación y datos Jung Serie LS RJ45 8(4) categoria 3 gris","21.66","J990TF UAE8UPO"
"Mecanismos / Jung / LS 990","Marco para mecanismos Jung Serie LS 3 elementos horizontal y vertical blanco alpino IP44","9.71","J990M3 LS983WW"
"Mecanismos / Jung / LS 990","Marco para mecanismos Jung Serie LS 1 elemento horizontal y vertical blanco alpino IP44","3.11","J990M1 LS981WW"
"Mecanismos / Jung / LS 990","Conmutador Jung Serie LS 10A tecla basculante","9.07","J990CON 506U"
"Mecanismos / Jung / LS 990","Interruptor unipolar Jung Serie LS 10A","7.36","J990INT 501U"
"Mecanismos / Jung / LS 990","Marco para mecanismos Jung Serie LS 1 elemento horizontal y vertical blanco alpino estanco (IP44) con junta estaca IP44","9.75","J990TAPAEXT LS990KLWW 551WU"
"Mecanismos / Jung / LS 990","Placa para toma comunicación y datos Jung Serie LS RJ45 1 conector blanco alpino","5.9","J990TAPARJ45 LS969-1UAWW"
"Vehículo eléctrico","Punto de recarga para vehículo eléctrico V2C Trydan 7,4kW monofásico cable tipo 2 5m pared con protecciones eléctricas ","777.9","TRYDAN CON PROTECCIONES"
"Telecom / Datos / UTP","Cable de redes Kommdata U/UTP 4x2xAWG24 Cat6","2.58","UTPCAT6 7270020030"
"Telecom / Datos / UTP","Cable de redes Kommdata U/UTP 4x2xAWG23 Cat6A","3.18","UTPCAT6A 7270030010"
"Telecom / Datos / UTP","Cable de redes Kommdata F/UTP 4x2xAWG23 Cat6 Fca para exterior.","4.19","UTPEXT 7270021020"
"Canalización / Rejiband","Bandeja de rejilla portacables Multivia Viafil acero 300x60x3000mm electrocincado","57.7","REJI300 R0630Z3"
"Canalización / Rejiband","Bandeja de rejilla portacables Multivia Viafil acero 200x60x3000mm electrocincado","39.55","REJI200 R0620Z3"
"Canalización / Rejiband","Bandeja de rejilla portacables Multivia Viafil acero 100x60x3000mm electrocincado","28.5","REJI100 R0610Z3"
"Canalización / Forro","Tubo corrugado para canalización de cables PVC M50 DN50 resistencia 320N negro reforzado","4.08","FORRO50 6200000050"
"Canalización / Forro","Tubo corrugado para canalización de cables PVC M40 DN40 resistencia 320N negro reforzado","2.75","FORRO40 6200000040"
"Canalización / Forro","Tubo corrugado para canalización de cables PVC M32 DN32 resistencia 320N negro reforzado","1.96","FORRO32 6200000032"
"Canalización / Forro","Tubo corrugado para canalización de cables PVC M25 DN25 resistencia 320N negro reforzado","1.29","FORRO25 6200000025"
"Canalización / Forro","Tubo corrugado para canalización de cables PVC M20 DN20 resistencia 320N negro reforzado","0.99","FORRO20 6200000020"
"Canalización / Forro","Tubo corrugado para canalización de cables PVC M16 DN16 resistencia 320N negro reforzado","0.88","FORRO16 6200000016"
"Cajas / Solera","Marco y puerta color blanco para cajas Solera Serie CLÁSICA 430X200","14.53","TPCSOLERA430 5233B"
"Cajas / Solera","Marco y puerta color blanco para cajas Solera Serie CLÁSICA 355x200","12.2","TPCSOLERA355 5223B"
"Cajas / Solera","Marco y puerta color blanco para cajas Solera Serie CLÁSICA 288x200","10.36","TPCSOLERA288 5213B"
"Cajas / Solera","Marco y puerta color blanco para cajas Solera Serie CLÁSICA 410x275","17.64","TPCSOLERA410 5204B"
"Cajas / Solera","Marco y puerta color blanco para cajas Solera Serie CLÁSICA 246X200","9.12","TPCSOLERA246 5243B"
"Cajas / Solera","Tapa con tornillos para caja Solera 520x180","7.45","TPSOLERA520 5550TA"
"Cajas / Solera","Tapa con tornillos para caja Solera 220x180","5.06","TPSOLERA220 5520TA"
"Cajas / Solera","Tapa con tornillos para caja Solera 320x220","6.86","TPSOLERA320 5502TA"
"Cajas / Solera","Tapa con tornillos para caja Solera 190x120","2.68","TPSOLERA190 5501TA"
"Cajas / Solera","Tapa con tornillos para caja Solera 268x268","5.56","TPSOLERA268 24T"
"Cajas / Solera","Tapa con tornillos para caja Solera 419x132","6.89","TPSOLERA419 5540TA"
"Cajas / Solera","Tapa con tornillos para caja Solera 320x180","5.58","TPSOLERA300 5530TA"
"Cajas / Solera","Tapa con tornillos para caja Solera 100x170","1.94","TPSOLERA170 63T"
"Cajas / Solera","Tapa con tornillos para caja Solera 171x171","2.6","TPSOLERA171 23T"
"Cajas / Solera","Tapa con tornillos para caja Solera 200x130","2.66","TPSOLERA200 64T"
"Cajas / Solera","Tapa con tornillos para cajas Solera 532x346","14.39","TPSOLERA532 5503TA"
"Cajas / Solera","Tapa con tornillos para caja Solera 125x125","1.7","TPSOLERA125 62T"
"Cableado / Alumbrado","Moldura plana con cable 3x1,5mm","5.26","TRIPLA 6052500301"
"Cajas / Gewiss","Caja de derivación GEWISS RAL9016 montaje con carril DIN para paredes de mampostería 196x152x70mm","6.2","GW196 EMP200 GW48006"
"Cajas / Gewiss","Caja de derivación GEWISS para pared de pladur carril DIN 480x160x75mm","29.1","GWP480 GW48009PM"
"Cajas / Gewiss","Caja de derivación GEWISS RAL9016 montaje con carril DIN para paredes de mampostería 516x294x80mm","68.5","GWTELECOM EMPTELECO GW48011"
"Cajas / Gewiss","Caja de derivación GEWISS para pared de pladur  carril DIN 294x152x75mm","16.55","GWP294 GW48007PM"
"Cajas / Gewiss","Caja de derivación GEWISS RAL9016 para paredes de mampostería 160x130x70mm","4.4","GW160 GW48005"
"Cajas / Gewiss","Caja de derivación GEWISS RAL9016 para paredes de mampostería 152x98x70mm","3.1","GW152 GW48004"
"Cajas / Gewiss","Caja de derivación GEWISS RAL9016 montaje con carril DIN para paredes de mampostería 516x202x80mm","60.6","GW516 EMP500X200 GW48010"
"Cajas / Gewiss","Caja de derivación GEWISS RAL9016 montaje con carril DIN para paredes de mampostería 392x152x70mm","16.45","GW392 EMP400 GW48008"
"Cajas / Gewiss","Caja de derivación GEWISS RAL9016 montaje con carril DIN para paredes de mampostería 480x160x70mm","21.1","GW480 EMP500 GW48009"
"Cajas / Gewiss","Caja de derivación GEWISS RAL9016 montaje con carril DIN para paredes de mampostería 294x152x70mm","8.85","GW294 EMP300 GW48007"
"Cajas / Gewiss","Caja de derivación GEWISS para pared de pladur carril DIN 392x152x75mm","23.35","GWP392 GW48008PM"
"Cajas / Gewiss","Caja de derivación GEWISS para pared de pladur carril DIN 196x152x75mm","12.1","GWP196 GW48006PM"
"Mecanismos / Schneider / Merten","Interruptor bipolar Schneider Electric Elegance/D-Life 10A","19.11","MTNBIPOLAR MTN3112-0000 MEG3112-0000"
"Mecanismos / Schneider / Merten","Regulador Schneider Electric Elegance/D-Life botón giratorio/pulsador 1-10W balasto electrónico 1-10 V","48.75","MTNREG MEG5142-0000"
"Mecanismos / Schneider / Merten","Zumbador Schneider Electric Elegance/D-Life 250V AC","39.17","MTNZUM MTN352000"
"Mecanismos / Schneider / Merten","Toma de comunicación y datos doble Schneider Electric Elegance RJ45 8(8) categoria 6","45.18","MTNRJ45DOBLE MTN4576-0002"
"Mecanismos / Schneider / Merten","Interruptor unipolar Schneider Electric Elegance/D-Life 10A","8.07","MTNINT MTN3111-0000"
"Mecanismos / Schneider / Merten","Conmutador doble Schneider Electric Elegance/D-Life","21.31","MTNDOBLE MTN3126-0000"
"Mecanismos / Schneider / Merten","Conmutador Schneider Electric Elegance/D-Life 10A tecla basculante","8.73","MTNCON MTN3116-0000"
"Mecanismos / Schneider / Merten","Cruzamiento Schneider Electric Elegance/D-Life 10A","22.71","MTNCRUCE ELECRUCE MTN3117-0000"
"Mecanismos / Schneider / Merten","Pulsador doble tecla basculante Schneider Electric Mecanismos sin impresión","25.01","MTNDOBLEPULS MTN3155-0000"
"Mecanismos / Schneider / Merten","Pulsador tecla basculante Schneider Electric Elegance/D-Life sin impresión","8.5","MTNPUL MTN3150-0000"
"Mecanismos / Schneider / Merten","Tecla para mecanismos Schneider Electric D-Life tecla persianas símbolo ""flechas"" blanco ártico","12.14","MTNTECLAPERSIANA MTN3855-6035"
"Mecanismos / Schneider / Merten","Pulsador de persiana Schneider Electric Elegance/D-Life 2 teclas","28.44","MTNPERSIANA MTN3755-0000"
"Mecanismos / Schneider / Merten","Toma de comunicación y datos Schneider Electric Elegance RJ45 8(8) categoria 6","34.05","MTNRJ45 MTN4576-0001"
"Mecanismos / Schneider / Elegance","Marco para mecanismos Schneider Electric Elegance 1 elemento horizontal y vertical blanco activo IP44","4.16","ELEM1 MTN4010-3035"
"Mecanismos / Schneider / Elegance","Tecla para mecanismos Schneider Electric Elegance tecla basculante simple sin impresión blanco activo","3.72","ELETECLA MTN432125"
"Mecanismos / Schneider / Elegance","Toma de corriente horizontal y vertical Schneider Electric Elegance schuko blanco activo","10.57","ELEEN MTN2300-0325"
"Mecanismos / Schneider / Elegance","Tecla para mecanismos Schneider Electric Elegance tecla persianas símbolo ""flechas"" blanco activo","8.88","ELETECLASUBE MTN432425"
"Mecanismos / Schneider / Elegance","Tecla para mecanismos Schneider Electric Elegance tecla basculante doble sin impresión blanco activo","5.97","ELETECLADOBLE MTN432525"
"Mecanismos / Schneider / Elegance","Tapa para mecanismos Schneider Electric Elegance para zumbador timbre blanco activo","8.79","ELETAPAZUM MTN352425"
"Mecanismos / Schneider / Elegance","Tapa para mecanismos Schneider Electric Elegance para salida de cable blanco activo","18.19","ELESALIDA MTN296825"
"Mecanismos / Schneider / Elegance","Tapa para mecanismos Schneider Electric Elegance para placa ciega blanco activo","9.01","ELECIEGA MTN391625"
"Mecanismos / Schneider / Elegance","Placa para toma comunicación y datos Schneider Electric Elegance RJ11/RJ12 1 conector blanco activo","5.85","ELETAPATF MTN469625"
"Mecanismos / Schneider / Elegance","Marco para mecanismos Schneider Electric Elegance 4 elementos horizontal y vertical blanco activo","21.3","ELEM4 MTN4040-3035"
"Mecanismos / Schneider / Elegance","Marco para mecanismos Schneider Electric Elegance 3 elementos horizontal y vertical blanco activo","12.83","ELEM3 MTN4030-3035"
"Mecanismos / Schneider / Elegance","Marco para mecanismos Schneider Electric Elegance 2 elementos horizontal y vertical blanco activo","7.1","ELEM2 MTN4020-3035"
"Mecanismos / Schneider / D-Life","Tapa para mecanismos Schneider Electric D-Life para placa ciega blanco ártico","10.49","DLCIEGA MTN4075-6035"
"Mecanismos / Schneider / D-Life","Placa para toma comunicación y datos Schneider Electric D-Life RJ45 2 conectores blanco ártico","15.17","DLTAPADOBLERJ45 MTN4572-6035"
"Mecanismos / Schneider / D-Life","Toma de corriente horizontal Schneider Electric D-Life schuko USB A+C montaje en superficie blanco ártico","92.78","DLUSBAC MTN2367-6035"
"Mecanismos / Schneider / D-Life","Marco para mecanismos Schneider Electric D-Life 1 elemento horizontal y vertical blanco ártico","3.21","DLM1 MTN4010-6535"
"Mecanismos / Schneider / D-Life","Tapa para mecanismos Schneider Electric Elegance para salida de cable blanco activo con adaptador Elegance a D-Life ártico","27.01","DLSALIDA MTN296825 MTN4080-6035"
"Mecanismos / Schneider / D-Life","Tapa para mecanismos Schneider Electric Elegance para zumbador blanco activo con adaptador Elegance a D-Life ártico","18.01","DLTAPAZUM MTN4080-6035 MTN352425"
"Mecanismos / Schneider / D-Life","Placa para toma comunicación y datos Schneider Electric D-Life RJ45 1 conector blanco ártico","8.42","DLTAPARJ45 MTN4215-6035"
"Mecanismos / Schneider / D-Life","Marco para mecanismos Schneider Electric D-Life 4 elementos horizontal y vertical blanco ártico","12.79","DLM4 MTN4040-6535"
"Mecanismos / Schneider / D-Life","Marco para mecanismos Schneider Electric D-Life 3 elementos horizontal y vertical blanco ártico","8.65","DLM3 MTN4030-6535"
"Mecanismos / Schneider / D-Life","Marco para mecanismos Schneider Electric D-Life 2 elementos horizontal y vertical blanco ártico","5.42","DLM2 MTN4020-6535"
"Mecanismos / Schneider / D-Life","Tecla para mecanismos Schneider Electric D-Life tecla basculante simple sin impresión blanco ártico","4.59","DLTECLA MTN3300-6035"
"Mecanismos / Schneider / D-Life","Toma de corriente horizontal y vertical Schneider Electric D-Life schuko blanco ártico","10.57","DLEN  MTN2300-6035"
"Mecanismos / Schneider / Argus","Detector crepuscular con retardo SCHNEIDER ELECTRIC","62.25","CREPUSH MTN544894"
"Mecanismos / Schneider / D-Life","Tapa para mecanismos Schneider Electric D-Life para antena de televisión blanco ártico","6.71","DLTAPATV MTN4123-6035"
"Mecanismos / Schneider / D-Life","Adaptador Elegance a D-Life ártico","10.63","DLADAP  MTN4080-6035"
"Cuadros / Accesorios","Peine de conexión Schneider Electric Acti 9 4 polos 16mm 100A 57 módulos 1000mm","135.21","PEINE4P1M A9XPH457"
"Cuadros / Accesorios","Peine de conexión Schneider Electric Acti 9 2 polos 16mm 100A 12 módulos 220mm","22.63","PEINE2P A9XPH212"
"Cuadros / Accesorios","Peine de conexión Schneider Electric Acti 9 1 polos 16mm 100A 12 módulos 220mm","15.54","PEINEDPN A9XPH112"
"Cuadros / Accesorios","Peine de conexión Schneider Electric Acti 9 2 polos 16mm 100A 57 módulos 1000mm","75.99","PEINE2P1M A9XPH257"
"Iluminación / Luminarias / Proyectores","Foco LED Ledvance 20W IP65","24.45","LEDVANCE20     "
"Cuadros / Accesorios","Toma de corriente para cuadro de distribución Schneider Electric Acti 9 iPC 16A 250V 2,5 módulos","34.23","ENRAIL A9A15310"
"Iluminación / Luminarias / Downlights","Foco IP65 con bombilla 12v y transformador","25.0","FOCODUTXA"
"Ventilación / Extractores","Extractor baño SILENT-100-CZ DESIGN","86.36","DESIGNCZ  5210601800"
"Mecanismos / Legrand / Mosaic","Caja para instalación en suelo Legrand Mosaic 2 módulos plata con Toma de corriente horizontal y vertical Legrand Mosaic schuko blanco","87.23","ENSUELO 089700 077213"
"Ventilación / Extractores","Extractor baño/aseo ECOAIR DESIGN-S","143.92","DESIGNT 5210612300"
"Partidas","Forma de pago:","0.0","50%"
"Iluminación / Accesorios","Equipo Elt 400W halogenuro metalico","73.1","ELT            "
"Iluminación / Accesorios","Equipo Elt 400W halogenuro metalico","73.1","ELT400         "
"Iluminación / Accesorios","Equipo Elt 70W halogenuro metalico","44.5","ELT70          "
"Iluminación / Luminarias / Proyectores","Foco fenoplastico color negro max 150W","9.67","FENOPLASTICO150"
"Partidas","Foco de empotrar basculante blanco con bombilla GU10 de LED incluida","17.0","FOQUITO        "
"Cuadros / Protecciones / Schneider","Guardamotor Schneider Electric TeSys GV2 3 polos 10A IP20 6-10A 690V","174.73","DISYUNTOR10 GV2ME14"
"Cableado / Unifilar","Hilo libre de halógenos  16 mm2","11.63","A16            "
"Cableado / Unifilar","Hilo libre de halógenos 1.5 mm2","1.16","A1'5           "
"Cableado / Unifilar","Hilo libre de halógenos 2.5 mm2","1.88","A2'5           "
"Cableado / Unifilar","Hilo libre de halógenos 25 mm2","11.68","A25"
"Cableado / Unifilar","Hilo libre de halógenos 35 mm2","20.54","A35"
"Cableado / Unifilar","Hilo libre de halógenos 4mm2","2.94","A4             "
"Cableado / Unifilar","Hilo libre de halógenos 6 mm2","4.34","A6             "
"Cableado / Unifilar","Hilo libre de halógenos 70 mm2","39.85","A70"
"Cableado / Trenzado","Hilo desnudo trenzado de cobre 35mm2 ( para toma de tierra ) precio por metro","8.55","DESNUDO        "
"Cajas / Acometida / Accesorios","Fusible de cuchilla Mersen NH000 gG (protección de cables/protección de equipos) 63A 500V","10.04","NH000 E213996"
"Iluminación / Luminarias / Downlights","Foco de empotrar Breno 12W","18.07","BRENOEMP12W 482905"
"Iluminación / Luminarias / Downlights","Foco de empotrar Breno 18W","32.2","BRENOEMP18W 482943"
"Cableado / Paralelo","Hilo paralelo ( rojo y negro ) 2X1.5mm2","2.63","PARALELO2x1.5 7272030060"
"Cajas / Acometida / CGP","Hornacina zócalo PAN 2 tapas polièster Cahors","473.0","HORNACINACDU 0926100-POL"
"Iluminación / Luminarias / Jardín","FDB  COLUMNA CARTUJA 4000 NEGRO HORNO PP","755.33","CARTUJA ICCA35HPP"
"Cuadros / Protecciones / Legrand","Interruptor automático magnetotérmico terciario Legrand DX3 C16 1P+N 6/10kA","91.5","DPN16L 407728"
"Cuadros / Protecciones / Hager","Interruptor automático magnetotérmico terciario Hager MU C16 1P+N 6kA","35.5","216AH MUN516A"
"Cuadros / Protecciones / Hager","Interruptor automático magnetotérmico terciario Hager MU C20 1P+N 6kA","36.31","220AH MUN520A"
"Cuadros / Protecciones / Hager","Interruptor automático magnetotérmico terciario Hager MU C25 1P+N 6kA","37.13","225AH MUN525A"
"Cuadros / Protecciones / Hager","Interruptor automático magnetotérmico terciario Hager MU C32 4P 6kA","228.24","432AH MUN432A"
"Cuadros / Accesorios","Interruptor astronómico Dinuy 230V IP20 IH AST MC0","212.1","ASTRONOMIC IHASTMC0"
"Cuadros / Protecciones / Hager","Interruptor diferencial Hager 40A 2P 30mA clase AC Serie CDC","119.0","DIF240H CDC748M"
"Cuadros / Protecciones / Hager","Interruptor automático magnetotérmico terciario Hager ML C40 1P+N 6kA","118.29","DPN40H MLU540"
"Cuadros / Protecciones / Hager","Interruptor automático magnetotérmico terciario Hager MU C20 4P 6kA","210.95","420AH MUN420A"
"Cuadros / Protecciones / Hager","Interruptor automático magnetotérmico terciario Hager MU C16 4P 6kA","205.22","416AH MUN416"
"Cuadros / Protecciones / Hager","Interruptor automático magnetotérmico terciario Hager MU C10 1P+N 6kA","34.78","210AH MUN510A"
"Cuadros / Protecciones / Legrand","Interruptor automático magnetotérmico terciario Legrand DX3 C63 4P 6/10kA","741.0","463AL 407934"
"Cuadros / Protecciones / Legrand","Interruptor automático magnetotérmico terciario Legrand DX3 C63 1P+N 6/10kA","324.13","263AL 407762"
"Cuadros / Protecciones / Schneider","Interruptor automático magnetotérmico terciario Schneider Electric iC40 C16 1P+N 6kA","88.7","DPN16SCH A9P53616"
"Cuadros / Protecciones / Schneider","Interruptor automático magnetotérmico terciario Schneider Electric iC40 C10 1P+N 6kA","87.06","DPN10SCH A9P53610"
"Cuadros / Protecciones / Schneider","Interruptor automático magnetotérmico terciario Schneider Electric iK60N C10 2P 6kA","46.35","210A A9K17210"
"Cuadros / Protecciones / Schneider","Interruptor automático magnetotérmico terciario Schneider Electric iC40 C25 1P+N 6kA","93.06","DPN25SCH A9P53625"
"Cuadros / Protecciones / Schneider","Interruptor automático magnetotérmico terciario Schneider Electric iK60N C16 4P 6kA","207.62","416A A9K17416"
"Cuadros / Protecciones / Schneider","Interruptor automático magnetotérmico terciario Schneider Electric iK60N C10 4P 6kA","205.23","410A A9K17410"
"Cuadros / Protecciones / Legrand","Interruptor automático magnetotérmico terciario Legrand DX3 C25 1P+N 6/10kA","95.92","DPN25L 407730"
"Cuadros / Protecciones / Schneider","Interruptor automático magnetotérmico terciario Schneider Electric iK60N C25 2P 6kA","49.31","225A A9K17225"
"Cuadros / Protecciones / Schneider","Interruptor automático magnetotérmico terciario Schneider Electric iK60N C20 4P 6kA","213.47","420A A9K17420"
"Cuadros / Protecciones / Legrand","Interruptor automático magnetotérmico terciario Legrand DX3 C32 4P 6/10kA","275.42","432AL 407931"
"Cuadros / Protecciones / Legrand","Interruptor automático magnetotérmico terciario Legrand DX3 C40 1P+N 6/10kA","154.58","240AL 407760"
"Cuadros / Protecciones / Legrand","Interruptor automático magnetotérmico terciario Legrand DX3 C25 4P 6/10kA","264.07","425AL 407930"
"Cuadros / Protecciones / Legrand","Interruptor automático magnetotérmico terciario Legrand DX3 C40 4P 6/10kA","326.82","440AL 407932"
"Cuadros / Protecciones / Hager","Interruptor automático magnetotérmico terciario Hager MU C40 4P 6kA","270.14","440AH MUN440A"
"Cuadros / Protecciones / Hager","Interruptor automático magnetotérmico terciario Hager MU C63 2P 6kA","263.26","263AH MUN263A"
"Cuadros / Protecciones / Legrand","Interruptor automático magnetotérmico terciario Legrand TX3 C10 1P+N 6kA","38.14","210AL 403585"
"Mecanismos / Boyas","Boya nivel microruptor 5m cable SM05","24.74","BOYA5M 50005213"
"Mecanismos / Simon / Simon 27","Interruptor bipolar Simon Serie 27 Play 16A blanco","18.05","S27BIPOLAR 27133-65"
"Mecanismos / Legrand / Plexo","Interruptor crepuscular Plexo modular, 1400W, gris","193.81","PLEXOCREPUS 069517L"
"Mecanismos / Simon / Simon 27","Interruptor unipolar Simon Serie 27 Play 10A blanco","5.52","S27INT 27101-65"
"Mecanismos / BJC / Iris","Interruptor unipolar BJC Iris/Aura 16A ","6.33","IRISINT 18505"
"Mecanismos / Schneider / Mureva","Interruptor bipolar Schneider Electric Mureva Styl 16A estanco (IP55)","20.65","MUBIPOLAR MUR35034"
"Cuadros / Protecciones / Schneider","Interruptor automático magnetotérmico terciario Schneider Electric iK60N C25 4P 6kA","221.38","425A A9K17425"
"Cuadros / Protecciones / Schneider","Interruptor automático magnetotérmico terciario Schneider Electric iK60N C40 2P 6kA","122.6","240A A9K24240"
"Cuadros / Protecciones / Schneider","Interruptor automático magnetotérmico terciario Schneider Electric iK60N C50 2P 6kA","247.97","250A A9K24250"
"Cuadros / Protecciones / Schneider","Interruptor automático magnetotérmico terciario Schneider Electric iK60N C63 2P 6kA","265.03","263A A9K24263"
"Cuadros / Protecciones / Schneider","Interruptor principal para cuadro de distribución Schneider Electric Acti 9 iSSW 1 polo 20A 250V 2 posiciones 0-1","45.6","INRAIL A9E18070"
"Cuadros / Protecciones / Schneider","Interruptor diferencial Schneider Electric 40A 2P 30mA clase AC Acti 9 iID40","149.27","DIFDPNSCH A9R63640"
"Cuadros / Protecciones / Schneider","Interruptor diferencial Schneider Electric 40A 2P 300mA clase AC Acti 9 iID","344.35","DIF300 A9R84240"
"Cuadros / Protecciones / Schneider","Interruptor diferencial Schneider Electric 40A 2P 30mA clase AC Acti 9 iID","119.3","DIF240SCH A9R60240"
"Cuadros / Protecciones / Schneider","Interruptor diferencial Schneider Electric 40A 2P 30mA clase A Acti 9 iID superinmunizado","542.78","SI A9R61240"
"Cuadros / Protecciones / Schneider","Interruptor diferencial Schneider Electric 40A 4P 30mA clase AC Acti 9 iIDK","555.4","DIF440 A9Z05440"
"Cuadros / Protecciones / Legrand","Interruptor diferencial Legrand 40A 2P 30mA clase AC DX3","354.42","DIF240L 411505"
"Cuadros / Protecciones / Legrand","Interruptor diferencial Legrand 40A 4P 30mA clase AC DX3","634.2","DIF440L 411661"
"Mecanismos / BJC / Rehabitat","Interruptor unipolar BJC Coral 10A","3.69","REHABINT 16505"
"Cuadros / Protecciones / Hager","Interruptor diferencial Hager 25A 4P 30mA clase AC Serie CDC","532.24","DIF425H CDC725J"
"Cableado / K-Flex negro","K-FLEX color negro 1x16mm2","7.97","K1X16"
"Cableado / K-Flex negro","K-FLEX color negro 1x25mm2","12.64","K1X25"
"Telecom / Porteros","Kit de portero automático Golmar 1 teléfono sistema 4+n K-201 GRF","97.5","KITGOLMAR 11242014B"
"Iluminación / Bombillas","Lampara Osram bajo consumo 35W","18.94","BC35W          "
"Iluminación / Bombillas","Lampara PL 26W Bipin","5.09","PL26W          "
"Iluminación / Tiras LED / Accesorios","Kit conexión-alimentación tira de LED 230V","9.95","TIRALED230KIT  "
"Iluminación / Luminarias / Apliques","Luminaria adosada a techo ACB Gina 3874/R2 LED 8W 350x60mm blanco","58.9","GINA2 P3874R20B"
"Cuadros / Protecciones / Hager","Interruptor horario analógico diario Hager 16A 230VAC con reserva de marcha 120h","139.3","RELOJCONH EHN011"
"Cuadros / Protecciones / Hager","Interruptor horario analógico diario Hager 16A 230VAC sin reserva de marcha","86.41","RELOJSINH EHN010"
"Cuadros / Protecciones / Hager","Interruptor principal para cuadro de distribución Hager SF 1 polo 25A 230V 2 posiciones 1-2","42.54","CONRAIL SFH125"
"Mecanismos / Simon / Simon 75","Interruptor unipolar Simon Serie 75/82 10A","9.34","S75INT 75101-39"
"Domotica / Wiser","Ledvance PERFORMANCE SPOT PAR16 DIM GL 80 lámpara led regulable GU10 8,3W 2700K 575lm 60°","8.7","WISERGU10 GU10WISER 7001610101"
"Iluminación / Luminarias / Emergencias","Luminaria de emergencia Celer LED 110lm 1h estanco (IP65) permanente/ no permanente","34.65","110LUMC 7200005001"
"Iluminación / Luminarias / Emergencias","Luminaria de emergencia Celer LED 150lm 1h estanco (IP65) permanente/ no permanente","38.85","150LUMC 7200005002"
"Telecom / Accesorios","Latiguillo para conexión de datos Kommdata U/UTP cat6A 2m libre de halógenos (LHA) gris","6.09","LATIGUILLO2M 7280020225"
"Telecom / Accesorios","Latiguillo para conexión de datos Kommdata U/UTP cat6A 3m libre de halógenos (LHA) gris","7.56","LATIGUILLO3M 7280020230"
"Iluminación / Bombillas","Sylvania lámpara led borne para atornillar 12W 300lm 40°","186.99","LEDPISCINARGB 0060540"
"Iluminación / Bombillas","Lámpara LED ICON PAR56 SMART LED 20W 730 12V IP68","147.37","LEDPISCINA 495035"
"Iluminación / Bombillas","Ledvance PERFORMANCE SPOT PAR16 GL 49 lámpara led GU10 6,9W 2700K 620lm 120°","5.1","GU10STANDARD 4099854055034"
"Iluminación / Luminarias / Proyectores","Luminaria Protek Led 3000K 25W Secom","143.2","PROTEK25W      "
"Cableado / Unifilar","Manguera  libre de halógenos  1X25 mm2","13.35","A1X25"
"Iluminación / Luminarias / Apliques","Luminaria adosada a techo ACB Gina 3874/R3 LED 8W 600x60mm blanco","78.9","GINA3 P3874R30B"
"Partidas","Linea de 2'5mm para Lavadora bajo tubo forroplast de 25mm completamente instalado.","36.5","LDORA          "
"Iluminación / Luminarias / Jardín","MAYJA LUMINARIA VILLA 750MM ROSCA OPAL E27 NEGRO","386.8","MAYJAE27"
"Partidas","Linea eléctrica individual para: Horno, vitro, aire acondicionado, toallero o suelo radiante, lavadora.","425.64","LINEA          "
"Partidas","Linea de 2'5mm para Lavavajillas bajo tubo forroplast de 25mm completamente instalado","36.5","LJILLAS        "
"Iluminación / Luminarias / Emergencias","Luminaria de emergencia Celer LED 300lm 1h estanco (IP65) permanente/ no permanente","54.1","300LUMC 7200005004"
"Iluminación / Luminarias / Emergencias","Luminaria de emergencia Celer LED 60lm 1h estanco (IP65) permanente/ no permanente","28.75","60LUMC 7200005000"
"Iluminación / Luminarias / Emergencias","Luminaria de emergencia Legrand Ura 21 LED Plus LED integrado 100lm 1h IP42 no permanente","61.62","100LUML 661602PL"
"Iluminación / Bombillas","Philips CorePro LEDspot MV Classic lámpara led GU10 5W 550lm 120°","4.27","GU10PHBLANCA DICROICAGU10 68688100"
"Cableado / Unifilar","Manguera libre de halógenos 1X50mm2","28.29","A1X50          "
"Cableado / Unifilar","Manguera libre de halógenos 1X70mm2","39.85","A1X70          "
"Cableado / Unifilar","Manguera libre de halógenos 1x35mm","17.97","A1X35          "
"Canalización / Tubo H / Accesorios","Multiclip de nylon MC Ø 16 mm color Blanco","0.37","H16GRAPA 916MC"
"Canalización / Tubo H / Accesorios","Multiclip de nylon MC Ø 20 mm color Blanco","0.45","H20GRAPA 920MC"
"Canalización / Tubo H / Accesorios","Multiclip de nylon MC Ø 25 mm color Blanco","0.55","H25GRAPA"
"Canalización / Tubo H / Accesorios","Multiclip de nylon MC Ø 32 mm color Blanco","0.77","H32GRAPA 932MC"
"Canalización / Tubo H / Accesorios","Multiclip de nylon MC Ø 40 mm color Blanco","0.95","H40GRAPA"
"Telecom / Datos","Toma de datos ICS Cat6 ","6.95","ICSCAT6        "
"Cuadros / Protecciones / Schneider","Interruptor automático magnetotérmico terciario Schneider Electric iC60N C40 4P 6/10kA","327.62","440A A9F79440"
"Iluminación / Luminarias / Emergencias","Luminaria de emergencia circular Legrand Ura Spot Pro LED 100lm 1h IP42 permanente/ no permanente","65.88","EMERCIRCULAR100LUML 660042"
"Iluminación / Luminarias / Emergencias","Luminaria de emergencia Legrand Ura 21 LED Plus LED integrado 70lm 1h IP42 no permanente","49.83","70LUML 661601PL"
"Iluminación / Luminarias / Emergencias","Luminaria de emergencia Legrand Ura 21 LED Plus LED integrado 160lm 1h IP42 no permanente","70.78","160LUML 661605PL"
"Mecanismos / Hager / Berker K1","Marco para mecanismos Hager Berker K.1/K.5 2 elementos horizontal blanco polar","4.78","K1M2 13637009"
"Mecanismos / Hager / Berker K1","Marco para mecanismos Hager Berker K.1/K.5 4 elementos horizontal blanco polar","10.31","K1M4 13837009"
"Mecanismos / Legrand / Plexo","Marco para mecanismos Legrand Plexo 1 elemento horizontal gris estanco (IP55)","11.68","PLEXOM1 069681"
"Mecanismos / Legrand / Plexo","Marco para mecanismos Legrand Plexo 2 elementos horizontal gris estanco (IP55)","16.63","PLEXOM2 069683"
"Canalización / Acero","Manguito tubería instalación de cables acero enchufable Ø25mm gris","2.64","ACEROMANG25 6203001125"
"Canalización / Acero","Manguito tubería instalación de cables acero enchufable Ø32mm gris","3.31","ACEROMANG32 6203001132"
"Cableado / K-Flex verde","Manguera libre de halógenos 5x10mm2","31.19","A5x10"
"Cableado / Unifilar","Manguera libre halógenos 1x10mm","6.82","A1X10"
"Cableado / Unifilar","Manguera libre halógenos 1x16mm","9.94","A1X16"
"Canalización / Binke / Accesorios","Manguito unión mixto libre de halógenos diámetro 25 gris ","1.57","UNIOBIN25 246.2500.0"
"Canalización / Binke / Accesorios","Manguito unión mixto libre de halógenos diámetro 20 gris ","1.5","UNIOBIN20 246.2000.0"
"Canalización / Binke / Accesorios","Manguito unión mixto libre de halógenos diámetro 32 gris ","2.34","UNIOBIN32 246.3200.0"
"Canalización / Binke / Accesorios","Manguito unión mixto libre de halógenos diámetro 40 gris ","3.46","UNIOBIN40 246.4000.0"
"Cajas / Acometida / Módulos","Modulo III+N con bases UTE 80A Multifunción 72x36","400.0","MULTIFUNCION   "
"Canalización / Binke / Accesorios","Manguito unión mixto libre de halógenos diámetro 16 gris ","1.52","UNIOBIN16 246.1600.0"
"Cableado / Conexiones","Manguito de empalme y de transición 3M Scotchcast resina moldeada 10-22mm 92 NB-A1","73.81","BOTELLAP 92NBA1"
"Mecanismos / BJC / Iris","Marco para mecanismos BJC Iris 4 elementos horizontal blanco ","21.32","IRISM4 18004"
"Cableado / Conexiones","Manguito de empalme y de transición 3M Scotchcast resina moldeada 13-32mm 92 NB-A3","123.59","BOTELLAG 92NBA3"
"Partidas","Mano de obra","34.0","MANO           "
"Cableado / Conexiones","Resina de poliuretano bicomponente Raytech Rayresin Magic gel 1L","80.52","MAGICGEL"
"Mecanismos / BJC / Rehabitat","Marco para mecanismos BJC Rehabitat 1 elemento estrecho horizontal blanco","8.97","REHABM1EST 16661-B"
"Mecanismos / BJC / Iris","Marco para mecanismos BJC Iris 1 elemento horizontal y vertical blanco ","5.67","IRISM1 18001"
"Mecanismos / Schneider / Mureva","Marco para mecanismos Schneider Electric Mureva Styl 3 elementos horizontal estanco (IP55)","27.73","MUM3 MUR34109"
"Mecanismos / Schneider / Elegance","Marco para mecanismos Schneider Electric Elegance 5 elementos horizontal y vertical blanco activo","28.4","ELEM5 MTN4050-3035"
"Mecanismos / Hager / Berker K1","Marco para mecanismos Hager Berker K.1/K.5 3 elementos horizontal blanco polar","7.54","K1M3 13737009"
"Mecanismos / Legrand / Plexo","Marco para mecanismos Legrand Plexo 3 elementos horizontal gris estanco (IP55)","27.81","PLEXOM3 069687"
"Mecanismos / Schneider / Mureva","Marco para mecanismos Schneider Electric Mureva Styl 2 elementos horizontal estanco (IP55)","16.34","MUM2 MUR34101"
"Mecanismos / BJC / Iris","Marco para mecanismos BJC Iris 2 elementos horizontal blanco ","8.46","IRISM2 18002"
"Mecanismos / BJC / Iris","Marco para mecanismos BJC Iris 3 elementos horizontal blanco ","14.89","IRISM3 18003"
"Mecanismos / BJC / Iris","Pulsador BJC Iris estanco completo","21.35","IRISPULSEST"
"Mecanismos / BJC / Iris","Marco para mecanismos BJC Iris 5 elementos horizontal blanco ","31.47","IRISM5 18005"
"Mecanismos / Schneider / New Unica","Marco para mecanismos Schneider Electric New Unica Studio 3 elementos horizontal y vertical blanco polar","6.57","UNICAM3 NUM3 NU200618"
"Mecanismos / Schneider / New Unica","Marco para mecanismos Schneider Electric New Unica Studio 4 elementos horizontal y vertical blanco polar","9.21","UNICAM4 NUM4 NU200818"
"Mecanismos / Simon / Simon 31","Marco para mecanismos Simon Serie 31 3 elementos horizontal y vertical blanco","15.4","S31M3 31631-30"
"Mecanismos / Simon / Simon 75","Marco para mecanismos Simon Serie 75 3 elementos horizontal y vertical blanco nieve","13.56","S75M3  75630-30"
"Mecanismos / Simon / Simon 31","Marco para mecanismos Simon Serie 31 1 elemento horizontal y vertical blanco","4.83","S31M1  31611-30"
"Mecanismos / Simon / Simon 75","Marco para mecanismos Simon Serie 75 4 elementos horizontal y vertical blanco nieve","19.8","S75M4 75640-30"
"Mecanismos / Simon / Simon 31","Marco para mecanismos Simon Serie 31 2 elementos horizontal y vertical blanco","8.11","S31M2 31621-30"
"Mecanismos / Simon / Simon 75","Marco para mecanismos Simon Serie 75 1 elemento horizontal y vertical blanco nieve","4.53","S75M1  75610-30"
"Mecanismos / Simon / Simon 75","Marco para mecanismos Simon Serie 75 2 elementos horizontal y vertical blanco nieve","7.3","S75M2 75620-30"
"Mecanismos / Simon / Simon 82","Marco para mecanismos Simon Serie 82 2 elementos horizontal y vertical blanco nieve","6.5","S82M2 82620-30"
"Mecanismos / Legrand / Plexo","Portalámparas E27 Legrand gris","20.76","PLEXOCURVO 060152"
"Cajas / Acometida / Módulos","Modulo trifásico con fusibles Neozed","130.52","TRINEOZED      "
"Cajas / Acometida / Módulos","Modulo Trifásico con fusibles UTE 80 A","185.0","TRIUTE         "
"Cajas / Acometida / Módulos","Modulo para 2 contadores monofasicos horizontales","135.0","CLAVED         "
"Mecanismos / Simon / Simon 27","Marco para mecanismos Simon Serie 27 Play 1 elemento horizontal y vertical blanco","3.47","S27M1 2700610-030"
"Cajas / Acometida / Módulos","Equipo de protección y medida CPM-1TM16 1 trifásico BUC-00","298.0","BUCTRI TRIBUC CPMTRI 0276229-03"
"Mecanismos / Simon / Simon 31","Marco para mecanismos Simon Serie 31 4 elementos horizontal y vertical blanco","21.07","S31M4 31641-30"
"Iluminación / Reguladores","Regulador Dinuy para bombillas led 230v o 12v","58.15","REGLED         "
"Mecanismos / Simon / Simon 82","Marco para mecanismos Simon Serie 82 4 elementos horizontal y vertical blanco nieve","16.27","S82M4 82640-30"
"Iluminación / Luminarias / Pantallas estancas","Pantalla estanca Celer tubo LED intercambiable sin tubos 1x1200mm","23.0","1X120CELER 7100070103"
"Iluminación / Luminarias / Proyectores","Proyector SKY-V4 negro aluminium 10W 200-240V 110° switch 3000-4000-5000K 1200lm","23.07","SKY10W 4680"
"Iluminación / Luminarias / Proyectores","Proyector SKY-V4 negro 30W 220-240V switch 3000-4000-5000K 3600lm","45.0","SKY30W 4686"
"Iluminación / Luminarias / Apliques","Aplique Legrand Hublot 12W E27 estanco (IP44) gris","15.66","BUEY 060414"
"Telecom / Televisión / Antenas","Mástil de antena Televés 1,5m Ø35mm espesor 1,5mm","17.9","MASTIL1'5 2407"
"Telecom / Televisión / Antenas","Mástil de antena Televés 2,5m Ø35mm espesor 1,5mm","25.14","MASTIL2'5 3008"
"Iluminación / Luminarias / Pantallas estancas","Pantalla para 1 tubos de LED 120cm estanca ","15.0","1X120RODA 2217851100"
"Iluminación / Luminarias / Pantallas estancas","Pantalla para 1 tubos de LED 150cm estanca ","25.0","1X150RODA 2217851200"
"Iluminación / Luminarias / Pantallas estancas","Pantalla para 1 tubos de LED 60cm estanca ","11.0","1X60RODA 2217851000"
"Iluminación / Luminarias / Pantallas estancas","Pantalla para 2 tubos de LED 120cm estanca ","20.0","2X120RODA 2217851400"
"Iluminación / Luminarias / Pantallas estancas","Pantalla para 2 tubos de LED 150cm estanca ","24.0","2X150RODA 2217851500"
"Iluminación / Luminarias / Pantallas estancas","Pantalla para 2 tubos de LED 60cm estanca ","13.0","2X60RODA 2217851300"
"Canalización / Minicanal","Minicanal Legrand DLPlus 32x20x2100mm blanco","5.18","32X20 030017"
"Partidas","Pequeño material ( bornas, portalamparas, bombillas etc )","29.95","PEQUEÑO        "
"Mecanismos / Schneider / Elegance","Placa para toma comunicación y datos Schneider Electric Elegance RJ45 1 conector blanco activo","10.29","ELETAPARJ45 MTN469825"
"Mecanismos / Schneider / Elegance","Placa para toma doble de comunicación y datos Schneider Electric Elegance RJ45 2 conectores blanco activo","11.63","ELETAPADOBLERJ45 MTN469925"
"Mecanismos / Simon / Simon 75","Placa y boton dimmer Simon","4.49","RUEDAREG       "
"Mecanismos / BJC / Iris","Placa para toma comunicación y datos BJC Iris RJ11/RJ45 1 conector blanco ","4.59","IRISTAPARJ45 19782"
"Mecanismos / BJC / Iris","Placa para toma comunicación y datos BJC Iris RJ11/RJ45 2 conectores blanco ","5.08","IRISTAPADOBLERJ45 19882"
"Telecom / Datos / Rack","Panel de datos vacío Kommdata 24 conectores RJ45 Instalación en 19""","25.47","PATCH24VACIO 7280030010"
"Iluminación / Bombillas / Portalámparas","Portalamparas bombilla GU10","1.98","PORTAGU10 7258070012"
"Iluminación / Tiras LED / Accesorios","Perfil para colocación tira LED con difusor trasparente precio por metro","13.8","PERFILLED      "
"Iluminación / Luminarias / Proyectores","Proyector SKY-V4 negro 40W 220-240V switch 3000-4000-5000K 4800lm","56.7","SKY40W 4689"
"Cuadros / Accesorios","Placa obturador Eaton NBP-1000 plástico barnizado 55x7mm gris","14.81","OBTURADORAGRIS NBP-1000"
"Mecanismos","Pack conmutador inalámbrico PACK TYXIA 501 con neutro","120.0","TYXIA501 6351407"
"Mecanismos / Simon / Simon 82","Placa para toma comunicación y datos Simon Serie 82 RJ45 2 conectores blanco nieve","13.02","S82RJ45 82006-30"
"Mecanismos / Simon / Simon 75","Pulsador doble tecla basculante Simon Serie 75/82 sin impresión","20.68","S75DOBLEPUL 75396-39"
"Mecanismos / Legrand / Plexo","Pulsador botón pulsador Legrand Plexo sin impresión gris estanco (IP55)","13.84","PLEXOPUL 069540"
"Mecanismos / Legrand / Plexo","Pulsador botón pulsador Legrand Plexo sin impresión con iluminación gris estanco (IP55)","21.65","PLEXOPULLUM 069542"
"Canalización / Binke / Accesorios","Racor RGp giratorio, de poliamida para montaje de tubos flexibles, M20(DN11). En color Gris RAL 7001.","2.67","RACORBIN20 35011200"
"Partidas","Punto de luz con cruzamiento con mecanismo de gama media completo. Se incluye tubo, cable y mecanismo de color blanco completamente instalado","133.96","PLCRUCE        "
"Partidas","Rac completo 19 ""","203.45","RAC            "
"Mecanismos / BJC / Iris","Pulsador estanco BJC Iris con marco ","21.35","IRISPULEST     "
"Mecanismos / BJC / Rehabitat","Pulsador tecla basculante BJC Coral sin impresión","5.38","REHABPULS 16516"
"Mecanismos / Simon / Simon 31","Pulsador de persiana Simon Serie 31 2 teclas blanco","31.92","S31DOBLEPUL 31396-30"
"Partidas","Punto de datos completo que consta de 2 tomas RJ45 cat6 con cable Utp completamente instalado.","115.1","PDT"
"Iluminación / Bombillas / Portalámparas","Portalámparas E40 Famatel blanco","20.5","PORTAGOLIATH 801"
"Cableado / Accesorios","Prensaestopas IRIS de poliamida 6 autoextinguible, M20, cable 10/14 mm en color Gris RAL 7035","1.7","RACORCABLE20 21041201"
"Mecanismos / Simon / Simon 31","Pulsador tecla basculante Simon Serie 31 sin impresión blanco","18.43","S31PUL 31659-60"
"Mecanismos / Legrand / Plexo","Pulsador doble tecla basculante Legrand Plexo sin impresión gris estanco (IP55)","26.57","PLEXODOBLEPUL 069545"
"Mecanismos / Simon / Simon 75","Regulador Simon Serie 75 botón giratorio 6-120W retrofit universal y LED estrecho","93.9","S75REG 7502313-039"
"Mecanismos / Simon / Simon 75","Pulsador tecla basculante Simon Serie 75/82 sin impresión","10.68","S75PUL 75150-39"
"Partidas","Punto de zumbador con mecanismo de gama media completo y zumbador instalado con hilo 1'5mm2","126.36","PLT            "
"Mecanismos / BJC / Iris","Pulsador tecla basculante BJC Iris/Aura sin impresión","6.65","IRISPUL 18516"
"Mecanismos / BJC / Iris","Regulador de luz BJC Iris con tapa","97.28","IRISREG        "
"Telecom / Datos / Rack","Regleta Rack 19"" de 8 tomas de enchufe","60.0","RACKREGLETA"
"Iluminación / Reguladores","Regulador de luz Dinuy opcional memoria 500W","37.6","REG500         "
"Canalización / Binke / Accesorios","Racor RGp giratorio, de poliamida para montaje de tubos flexibles, M16(DN 9). En color Gris RAL 7001.","2.31","RACORBIN16 35011160"
"Mecanismos / Schneider / Mureva","Pulsador tecla basculante Schneider Electric Mureva Styl sin impresión estanco (IP55)","13.16","MUPUL MUR39027"
"Mecanismos / Schneider / Mureva","Pulsador tecla basculante Schneider Electric Mureva Styl sin impresión con iluminación estanco (IP55)","20.64","MUPULLUM MUR39127"
"Partidas","Punto de luz simple con interruptor de gama media completo. Se incluye tubo, cable y mecanismo de color blanco completamente instalado","68.2","PLS            "
"Cuadros / Accesorios","Minutero Dinuy pulsador 0,5-12min 16A 230V","61.8","TEMPDINUY PTEMP004"
"Mecanismos / Simon / Simon 31","Pulsador tecla basculante Simon Serie 31 sin impresión con iluminación blanco","29.51","S31PULLUM 31669-30"
"Telecom / Televisión / Derivadores","Repartidor/distribuidor Televés ICT 5-2400MHz 2 desviaciones ","10.42","REPARTV12 543503"
"Telecom / Televisión / Derivadores","Repartidor/distribuidor Televés ICT 5-2400MHz 4 desviaciones ","15.89","REPARTV14 543702"
"Telecom / Televisión / Derivadores","Repartidor/distribuidor Televés ICT 5-2400MHz 5 desviaciones ","21.28","REPARTV15 543802"
"Iluminación / Reguladores","Regulador de pastilla Orbis Dimled corte de fase TRIAC 150W","57.75","ORBISREGLED OB200009"
"Canalización / Tubo H / Accesorios","Racor roscado libre de halógenos M16 IP67 gris","1.68","RACORH16 243.1600.0"
"Canalización / Tubo H / Accesorios","Racor roscado libre de halógenos M20 IP67 gris","1.86","RACORH20 243.2000.0"
"Canalización / Tubo H / Accesorios","Racor roscado libre de halógenos M25 IP67 gris","2.23","RACORH25 243.2500.0"
"Canalización / Tubo H / Accesorios","Racor roscado libre de halógenos M32 IP67 gris","3.12","RACORH32 243.3200.0"
"Canalización / Binke / Accesorios","Racor RGp giratorio, de poliamida para montaje de tubos flexibles, M40(DN29). En color Gris RAL 7001.","8.76","RACORBIN40 35011400"
"Partidas","Se presupuesta la instalación por suelo con zanjas y regatas. Si no fuerá así en su mayoria","0.0","SUELO          "
"Iluminación / Luminarias / Jardín","Soporte orientable IEP ( pincho )","49.03","PINCHO         "
"Iluminación / Tiras LED / Nexia","Tira de Led 4.8W mt blanco regulable","6.6","TIRALED4'8     "
"Cuadros / Accesorios","Repartidor para armario de distribución Legrand 4 polos 125A 15 conexiones","106.05","REPAR400410 400410"
"Mecanismos / BJC / Iris","Tapa para mecanismos BJC Iris para cazoleta tapa enchufe blanco","4.14","IRISTAPAEN 18724"
"Mecanismos / Schneider / New Unica","Tapa para mecanismos Schneider Electric New Unica para placa ciega blanco polar","2.33","UNICACIEGA NUCIEGA NU986618"
"Iluminación / Tiras LED / Nexia","Tira de Led 9.6W mt Blanco regulable","8.68","TIRALED9'6"
"Mecanismos / Schneider / Elegance","Tapa para mecanismos Schneider Electric Elegance para antena de televisión blanco activo","6.3","ELETAPATV MTN299825"
"Mecanismos / Hager / Berker K1","Tapa para mecanismos Hager Berker K.1/K.5 para cazoleta tapa enchufe blanco polar","6.32","K1TAPAEN 17197009"
"Mecanismos / Legrand / Plexo","Tapa para mecanismos Legrand Plexo para placa ciega gris estanco (IP55)","11.91","PLEXOCIEGA 069537"
"Mecanismos / BJC / Iris","Tapa para mecanismos BJC Iris para antena de televisión blanco","6.68","IRISTV 18320"
"Mecanismos / BJC / Iris","Tapa para mecanismos BJC Iris para placa ciega blanco","8.94","IRISCIEGA 18033"
"Mecanismos / BJC / Rehabitat","Tapa para mecanismos BJC Sol para cazoleta tapa enchufe blanco","2.12","REHABTAPAEN16 16724"
"Mecanismos / BJC / Rehabitat","Tapa para mecanismos BJC Sol estrecho para cazoleta tapa enchufe blanco","1.63","REHABTAPAEN10 16725"
"Telecom / Televisión / Antenas","Pie de mástil Televés","17.56","MENSULA 2404"
"Cajas / Acometida / Accesorios","Caja seccionamiento CTST2 con 1 entrada y 2 salidas 160x110x65mm","41.8","SECCIONADOR 0236083"
"Mecanismos / BJC / Rehabitat","Tapa para mecanismos BJC Sol estrecho para placa ciega blanco","4.05","REHABCIEGA 16033"
"Mecanismos / Schneider / New Unica","Tapa para mecanismos Schneider Electric New Unica para salida de cable blanco polar","7.18","UNICASALIDA NUSALIDA NU386218"
"Mecanismos / Schneider / D-Life","Tecla para mecanismos Schneider Electric D-Life tecla basculante doble sin impresión blanco ártico","5.99","DLTECLADOBLE MTN3400-6035"
"Telecom / Porteros","Terminal de vivienda para portero automático teléfono Golmar sistema 4+n blanco","19.5","GOLMARUNIVERSAL 11205510P"
"Mecanismos / Simon / Simon 31","Tapa para mecanismos Simon Serie 31 para placa ciega blanco","13.02","S31CIEGA  31800-30"
"Mecanismos / Simon / Simon 75","Tecla para mecanismos Simon Serie 75 tecla basculante doble sin impresión blanco nieve","5.29","S75TECLADOBLE 75026-30"
"Mecanismos / Simon / Simon 31","Tapa para mecanismos Simon Serie 31 para antena de televisión blanco","3.51","S31TAPATV 31097-60"
"Mecanismos / Simon / Simon 82","Tapa para mecanismos Simon Serie 82 para antena de televisión blanco nieve","5.8","S82TAPATV 82097-30"
"Mecanismos / Simon / Simon 82","Tapa para mecanismos Simon Serie 82 para cazoleta tapa enchufe blanco nieve","5.09","S82TAPAEN 82041-30"
"Mecanismos / Simon / Simon 82","Tapa para mecanismos Simon Serie 82 para placa ciega blanco nieve","9.71","S82CIEGA 82800-30"
"Mecanismos / Simon / Simon 75","Tapa para mecanismos Simon Serie 75 para cazoleta tapa enchufe blanco nieve","5.12","S75TAPAEN 75041-60"
"Cableado / Trenzado","Trenzado de cobre 2x16mm2","22.8","TREN2X16       "
"Mecanismos / BJC / Iris","Tecla para mecanismos BJC Iris tecla basculante doble sin impresión blanco","6.39","IRISTECLADOBLE 18709"
"Mecanismos / BJC / Iris","Tecla para mecanismos BJC Iris tecla basculante simple sin impresión blanco","4.34","IRISTECLA 18705"
"Mecanismos / Simon / Simon 27","Tapa para mecanismos Simon Serie 27 Play para placa ciega blanco","4.39","S27CIEGA 27800-35"
"Mecanismos / BJC / Rehabitat","Tecla 1 modulo para mecanismos BJC Sol tecla basculante simple sin impresión blanco","1.15","REHABTECLA1MOD 16705"
"Mecanismos / BJC / Rehabitat","Tecla 2 modulos para mecanismos BJC Sol tecla basculante simple sin impresión blanco","1.57","REHABTECLA2MOD 17705"
"Mecanismos / Simon / Simon 82","Tecla para mecanismos Simon Serie 82 tecla basculante simple sin impresión blanco nieve","4.81","S82TECLA 82010-30"
"Mecanismos / Simon / Simon 82","Tecla para mecanismos Simon Serie 82 tecla basculante doble sin impresión blanco nieve","6.23","S82TECLADOBLE 82026-30"
"Mecanismos / Simon / Simon 75","Tecla para mecanismos Simon Serie 75 tecla basculante simple sin impresión blanco nieve","3.56","S75TECLA 75010-30"
"Mecanismos / Simon / Simon 82","Toma de TF con tapa Simon 82","14.35","S82TF          "
"Mecanismos / Legrand / Plexo","Toma de antena mecanismo con tapa completa (una pieza) Legrand Plexo final gris","28.01","PLEXOTV 069558"
"Mecanismos / BJC / Iris","Toma de comunicación y datos BJC Iris/Coral 2x RJ45 8(4) categoria 6","36.33","IRISDOBLERJ45 18586-2"
"Telecom / Accesorios","Conector modular Legrand LCS hembra CAT6 UTP","7.61","RJ45LEGRAND 033181"
"Iluminación / Telerruptores","Telerruptor Dinuy 1NA 10A AC 230V","46.78","TELEDINUY TEUNI220"
"Telecom / Porteros","Terminal de vivienda para portero automático teléfono Fermax Loft Universal sistema 4+n blanco","29.0","FERMAXUNIVERSAL 3431"
"Telecom / Porteros","Teléfono TUN-002 universal 2 pulsadores portero electrónico","32.05","ALCADUNIVERSAL 9600011"
"Iluminación / Tiras LED / Nexia","Tira de LED 230V IP 65 15W metro","33.75","TIRALED23015W  "
"Iluminación / Tiras LED / Nexia","Tira de LED 230V IP 65 7W metro","27.54","TIRALED2307W   "
"Iluminación / Tiras LED / Nexia","Tira de Led 14.4W mt Blanco regulable","14.5","TIRALED14'4"
"Telecom / Televisión / Mecanismos","Toma de antena mecanismo básico Televés única","5.97","TELEVESUNICA 5276"
"Telecom / Televisión / Mecanismos","Toma de antena mecanismo básico Televés final","7.97","FINAL 5226"
"Telecom / Televisión / Mecanismos","Toma de antena mecanismo básico Televés intermedio","11.23","INTERMEDIA 5227"
"Mecanismos / Zumbadores y timbres","Timbre BISON 2000 BIT 110-230V","16.31","DING TIBI2000"
"Cuadros / Protecciones / Hager","Telerruptor Hager Potencia 1NA 16A AC 230V 110V DC","79.21","TELERAILHAG EPN510"
"Mecanismos / Simon / Simon 27","Tapa para mecanismos Simon Serie 27 Play para antena de televisión blanco","3.75","S27TAPATV 27097-34"
"Mecanismos / BJC / Iris","Toma de comunicación y datos BJC Iris/Coral RJ45 8(4) categoria 6","17.89","IRISRJ45 18586"
"Mecanismos / Schneider / New Unica","Tapa para mecanismos Schneider Electric New Unica para antena de televisión blanco polar","15.83","UNICATAPATV NUTAPATV NU944118"
"Partidas","Toma de datos completa cat6. Cada toma se instalará en la ubicación que se indique hasta donde se instale el Router","0.0","DATOS"
"Mecanismos / Schneider / Merten","Toma de comunicación y datos Schneider Electric Elegance/D-Life RJ11 categoria 3","14.75","MTNTF MTN463501"
"Mecanismos / Hager / Berker K1","Toma de corriente horizontal y vertical Hager Berker schuko","6.23","K1EN 714134"
"Mecanismos / Schneider / New Unica","Caratula RJ45 1 modulo Keystone polar","6.12","NUTAPARJ45ESTRETA NUCARATULARJ45ESTRETA NU946018"
"Mecanismos / BJC / Iris","Toma de corriente horizontal y vertical BJC Iris/ Delta Miró schuko con embornamiento de seguridad","6.07","IRISEN 18524"
"Mecanismos / BJC / Rehabitat","Toma de corriente horizontal y vertical BJC Sol 10A sin contacto de protección","3.47","REHABEN10 16522"
"Mecanismos / Simon / Simon 27","Toma de comunicación y datos Simon Serie 27 RJ11 categoria 3 blanco","16.42","S27TF 27480-35"
"Mecanismos / Simon / Simon 31","Toma de comunicación y datos Simon Serie 31 RJ11 categoria 3 blanco","22.96","S31TF 31480-30"
"Mecanismos / Schneider / New Unica","Toma de corriente doble horizontal y vertical Schneider Electric New Unica schuko blanco polar","19.2","UNICAENDOBLE NUENDOBLE NU306718A"
"Mecanismos / BJC / Iris","Toma de telefono RJ11 con tapa BJC Iris color blanca","12.39","IRISRJ11 18882"
"Mecanismos / BJC / Rehabitat","Toma de corriente horizontal y vertical BJC Sol schuko IP44 con embornamiento de seguridad","5.63","REHABEN16 16524"
"Mecanismos / Legrand / Plexo","Toma de corriente horizontal y vertical Legrand Plexo schuko con tapa basculante estanco (IP55) gris","14.79","PLEXOEN 069571"
"Cableado / Trenzado","Trenzado de cobre 4x16mm2","45.17","TREN4X16       "
"Cableado / Trenzado","Trenzado de cobre 4x25mm2","48.85","TREN4X25       "
"Cableado / Trenzado","Trenzado de cobre 4x6mm2","16.51","TREN4X6        "
"Canalización / Tubo H","Tubo PVC para instalación de cables enchufable 10,7x16mm rigido gris","2.24","H16 TH16 6201000016"
"Mecanismos / Schneider / Mureva","Toma de corriente horizontal y vertical Schneider Electric Mureva Styl schuko estanco (IP55)","13.99","MUEN MUR36135"
"Mecanismos / Simon / Simon 27","Toma de corriente horizontal y vertical Simon Serie 27 schuko blanco","6.95","S27EN 27432-65"
"Mecanismos / Simon / Simon 75","Toma de corriente horizontal y vertical Simon Serie 75/82 schuko","7.18","S75EN 75432-39"
"Vehículo eléctrico","Toma de enchufe schucko Green UP para vehiculos Legrand","152.01","GREENUP 090472"
"Partidas","Tramitaciones varias en e-distribución para modificación- creación contrato","150.0","PS             "
"Canalización / Tubo rojo","Tubo corrugado para canalización de cables PVC DN40 resistencia 450N con guia rojo","1.73","K40 1956000040"
"Canalización / Tubo rojo","Tubo corrugado para canalización de cables PVC DN160 resistencia 450N con guia rojo","8.26","K160 1955000160"
"Canalización / Tubo rojo","Tubo corrugado para canalización de cables PVC DN125 resistencia 450N con guia rojo","5.8","K125 1955000125"
"Canalización / Tubo rojo","Tubo corrugado para canalización de cables PVC DN50 resistencia 450N con guia rojo","1.93","K50 1955000050"
"Canalización / Tubo rojo","Tubo corrugado para canalización de cables PVC DN75 resistencia 450N con guia rojo","3.3","K75 1955000075"
"Canalización / Forro verde","Tubo flexible una capa Gewiss verde Ø 20mm","0.95","FORROV20 DX15220R"
"Canalización / Tubo rojo","Tubo corrugado para canalización de cables PVC DN90 resistencia 450N con guia rojo","3.58","K90 1955000090"
"Mecanismos / Legrand / Clavijas aéreas","Clavija con toma de tierra caucho 2P Legrand 16A 230V negro","8.92","MACHOCAUCHO 050342 AEREOM AEREAM"
"Canalización / Acero","Tubo metálico para instalación de cables acero Ø18-20mm enchufable","8.72","ACERO20 6203000020"
"Canalización / Acero","Tubo metálico para instalación de cables acero Ø23-25mm enchufable","10.85","ACERO25 6203000025"
"Canalización / Acero","Tubo metálico para instalación de cables acero Ø29,6-32mm enchufable","16.73","ACERO32 6203000032"
"Canalización / Acero","Tubo metálico para instalación de cables acero Ø37,6-40mm enchufable","21.84","ACERO40 6203000040"
"Canalización / Acero","Tubo metálico para instalación de cables acero Ø47,6-50mm enchufable","28.11","ACERO50 6203000050"
"Canalización / Acero","Tubo metálico para instalación de cables acero Ø60,6-63mm enchufable","36.18","ACERO63 6203000063"
"Domotica / Wiser","Gateway Wiser Hub 2da Generación color blanco","198.48","WISERHUB  CCT501801"
"Mecanismos / Zumbadores y timbres","Señalizador acústico Rodman tono continuo 105dB AC 230VAC superficie Z1","44.0","ZUMBADORALTA RZ1CA1"
"Mecanismos / Zumbadores y timbres","Zumbador Bticino Livinglight 230V AC blanco","25.57","BTICINOZUM N4356/230"
"Mecanismos / Legrand / Clavijas aéreas","Base enchufe Legrand caucho 2 polos + tierra (2P+T) estanco (IP44) negro","13.22","HEMBRACAUCHO 050343 AEREOH AEREAH"
"Canalización / Forro verde","Tubo flexible una capa Gewiss verde Ø 25mm","1.36","FORROV25 DX15225R"
"Cableado / K-Flex negro","K-FLEX color negro 4X2'5mm2","6.26","K4X2'5         "
"Mecanismos / Legrand / Clavijas aéreas","Base enchufe Legrand plástico 2 polos + tierra (2P+T) negro ","10.79","HEMBRANEGRO 050329"
"Cuadros / Protecciones / Hager","Interruptor principal para cuadro de distribución Hager SF 1 polo 25A 230V 3 posiciones 1-0-2","48.62","CONRAILH SFT125"
"Cuadros / Accesorios","Placa obturador Hager plástico barnizado 430x54mm blanco","9.7","OBTURADORABLANCA JP002"
"Iluminación / Bombillas","Ledvance PERFORMANCE PIN CL 50 lámpara led G9 4,8W 2700K 600lm 320°","13.6","G9 4099854064784"
"Mecanismos / Legrand / Cetac","Base aérea cetac Legrand P17 Pro 16A 3 polos + tierra (3P+T) 400 V (50+60 Hz) rojo IP44 recto 6h","13.21","CETAC16A3P+TTAAF 555108"
"Mecanismos / Legrand / Cetac","Base aérea cetac Legrand P17 Pro 32A 3 polos + tierra + neutro (3P+T+N) 400 V (50+60 Hz) rojo IP44 recto 6h","22.52","CETAC32A3P+N+TTAAF 555219"
"Mecanismos / Legrand / Cetac","Base aérea cetac Legrand P17 Pro 16A 2 polos + tierra (2P+T) 230 V (50+60 Hz) azul IP44 recto 6h","11.57","CETAC16A2P+TTAAF 555104"
"Mecanismos / Legrand / Cetac","Base aérea cetac Legrand P17 Pro 32A 3 polos + tierra (3P+T) 400 V (50+60 Hz) rojo IP44 recto 6h","18.97","CETAC32A3P+TTAAF 555218"
"Mecanismos / Legrand / Cetac","Base mural Legrand P17 Pro 32A 2 polos + tierra (2P+T) 230 V (50+60 Hz) azul IP44 6h","25.09","CETAC32A2P+TTBASE 555254"
"Mecanismos / Legrand / Cetac","Base mural Legrand P17 Pro 16A 3 polos + tierra + neutro (3P+T+N) 400 V (50+60 Hz) rojo IP44 6h","20.15","CETAC16A3P+N+TTBASE 555159"
"Mecanismos / Legrand / Cetac","Base mural Legrand P17 Pro 16A 3 polos + tierra (3P+T) 400 V (50+60 Hz) rojo IP44","18.02","CETAC16A3P+TTBASE 555158"
"Mecanismos / Legrand / Cetac","Base mural Legrand P17 Pro 32A 3 polos + tierra + neutro (3P+T+N) 400 V (50+60 Hz) rojo IP44 6h","29.76","CETAC32A3P+N+TTBASE 555259"
"Mecanismos / Legrand / Cetac","Base mural Legrand P17 Pro 16A 2 polos + tierra (2P+T) 230 V (50+60 Hz) azul IP44 6h","18.44","CETAC16A2P+TTBASE 555154"
"Mecanismos / Legrand / Cetac","Clavija cetac Legrand P17 Pro 32A 3 polos + tierra + neutro (3P+T+N) recto 6h 400 V (50+60 Hz) rojo IP44","16.94","CETAC32A3P+N+TTAAM 555239"
"Mecanismos / Legrand / Cetac","Clavija cetac Legrand P17 Pro 32A 2 polos + tierra (2P+T) recto 6h 230 V (50+60 Hz) azul IP44","13.02","CETAC32A2PTTAAM 555234"
"Mecanismos / Legrand / Cetac","Clavija cetac Legrand P17 Pro 16A 3 polos + tierra (3P+T) recto 6h 400 V (50+60 Hz) rojo IP44","8.67","CETAC16A3PTTAAM 555128"
"Iluminación / Telerruptores","Telerruptor electrónico modular SERIE 13, montaje carril 35mm, ancho 17,5mm, 1 contacto, 230V AC","68.0","FINDERTELERRUPTOR 138182300000"
"Cableado / K-Flex negro","K-FLEX color negro 5X6mm2","17.35","K5X6"
"Cuadros / Protecciones / Hager","Minutero Hager EMN escalera 0,5-10min 16A 230V","92.66","MINUH EMN001"
"Cuadros / Protecciones / Hager","Contactor modular para cuadro de distribución Hager ESC 63A 4NA 230V AC","371.71","CONTACTORH463A ESC463"
"Mecanismos / Hager / Berker K1","Toma de comunicación y datos Hager Berker RJ45 8(8) categoria 6","30.7","K1RJ45 455401"
"Mecanismos / Hager / Berker K1","Tecla para mecanismos Hager Berker K.1/K.5 tecla basculante simple sin impresión blanco polar","3.4","K1TECLA 14057009"
"Mecanismos / Hager / Berker K1","Tapa para mecanismos Hager Berker K.1/K.5 para placa ciega blanco polar IP44","14.77","K1CIEGA 10457009"
"Mecanismos / Hager / Berker K1","Tapa para mecanismos Hager Berker K.1/K.5 para antena de televisión blanco polar","7.23","K1TAPATV 12017019"
"Mecanismos / Hager / Berker K1","Placa para toma comunicación y datos Hager Berker K.1/K.5 RJ45 1 conector blanco polar","7.67","K1TAPARJ45 14077009"
"Mecanismos / Hager / Berker K1","Marco para mecanismos Hager Berker K.1/K.5 5 elementos horizontal blanco polar","16.77","K1M5 13937009"
"Mecanismos / Legrand / Cetac","Base mural Legrand P17 Pro 32A 3 polos + tierra (3P+T) 400 V (50+60 Hz) rojo IP44 6h","26.92","CETAC32A3P+TTBASE 555258"
"Mecanismos / Legrand / Cetac","Clavija cetac Legrand P17 Pro 32A 3 polos + tierra (3P+T) recto 6h 400 V (50+60 Hz) rojo IP44","15.12","CETAC32A3P+TTAAM 555238"
"Mecanismos / Legrand / Cetac","Clavija cetac Legrand P17 Pro 32A 2 polos + tierra (2P+T) recto 6h 230 V (50+60 Hz) azul IP44","13.02","CETAC32A2P+TTAAM 555234"
"Mecanismos / Legrand / Cetac","Clavija cetac Legrand P17 Pro 16A 3 polos + tierra + neutro (3P+T+N) recto 6h 400 V (50+60 Hz) rojo IP44","10.69","CETAC16A3P+N+TTAAM 555129"
"Mecanismos / Legrand / Cetac","Clavija cetac Legrand P17 Pro 16A 2 polos + tierra (2P+T) recto 6h 200-250 V (50+60 Hz) azul IP44","7.82","CETAC16A2P+TTAAM 555124"
"Mecanismos / Legrand / Cetac","Clavija cetac Legrand P17 Pro 16A 3 polos + tierra (3P+T) recto 6h 400 V (50+60 Hz) rojo IP44","8.67","CETAC16A3P+TTAAM 555128"
"Cuadros / Protecciones / Hager","Interruptor diferencial Hager 63A 2P 30mA","858.42","DIF263H CDC263M"
"Telecom / Accesorios","Latiguillo fibra óptica SC/APC - SC/APC 9/125 10 metros.","10.27","FIBRA10"
"Telecom / Accesorios","Latiguillo fibra óptica SC/APC - SC/APC 9/125 5 metros.","6.4","FIBRA5"
"Mecanismos / Simon / Simon K45","Caja para puesto de trabajo superficie Simon Gama K45 1 columnas 1 módulos acero inoxidable KSE1/23/72","125.79","K45  KSE1/23/72"
"Telecom / Accesorios","TP-Link TL-SG105 - Switch gigabit 5 Puertos 10/100/1000 Mb.","25.68","MULTISWICH5"
"Iluminación / Bombillas","Ledvance VALUE CLASSIC A FIL 60 lámpara led E27 6,5W 2700K 806lm 300° filamento clara","4.75","STANDARLED 4099854476495"
"Telecom / Accesorios","TP-Link TL-SG108 V3.0, Switch de Escritorio Red (10/100/1000 Mbps) 8 Puertos.","31.22","MULTISWITCH8"
"Iluminación / Luminarias / Apliques","B&F Mac Wall 15W switch 2700K/3200K/4000K dimable 180 IP65","61.76","MACWALL15"
"Mecanismos / Simon / Simon K45","Caja para instalación en suelo Simon Gama K45 2 módulos gris KGE170/23","35.0","K45CAJASUELO"
"Iluminación / Bombillas","Bombilla Regulable PHILIPS MASTER LED SPOT VLE D 4.9-50W GU10 36D 930","12.57","GU10PHREG  70787600"
"Cableado / Conexiones","Borna de distribución Tekox Serie BD BD 50 1 polos 50 mm","10.7","TEK50 BD50"
"Mecanismos / Schneider / New Unica","Caja para puesto de trabajo superficie Schneider Electric New Unica 4 columnas 16 módulos blanco","42.88","UNICAPT8SUP NUPT8SUP NU124418"
"Mecanismos / Schneider / New Unica","Toma de corriente doble horizontal y vertical Schneider Electric New Unica schuko rojo","19.2","UNICAENDOBLEROJO NUENDOBLEROJO NU306703A"
"Canalización / Tubo H / Accesorios","Curva tubería instalación de cables PVC Ø25mm abocardado rígido IP40","2.27","H25CURVARIG 245.2500.0"
"Canalización / Tubo H / Accesorios","Curva tubería instalación de cables PVC Ø20mm enchufable plegable IP64","3.97","H20CURVAFLEX 233.2000.0"
"Canalización / Tubo H / Accesorios","Curva tubería instalación de cables PVC Ø32mm enchufable plegable IP64","9.13","H32CURVAFLEX 233.3200.0"
"Canalización / Tubo H / Accesorios","Curva tubería instalación de cables PVC Ø16mm enchufable plegable IP64","3.26","H16CURVAFLEX 233.1600.0"
"Canalización / Tubo H / Accesorios","Curva tubería instalación de cables PVC Ø25mm enchufable plegable IP64","5.71","H25CURVAFLEX 233.2500.0"
"Mecanismos / Schneider / New Unica","Caratula RJ45 2 módulos Keystone polar","6.12","NUTAPARJ45 NUCARATULARJ45 UNICARJ45 NU946118"
"Mecanismos / Schneider / New Unica","Caja de superficie para mecanismo empotrable Schneider Electric New Unica 2 elementos horizontal blanco","12.38","UNICAZ2 NUZ2 NU800418"
"Mecanismos / Schneider / New Unica","Conmutador Schneider Electric New Unica 10A tecla basculante blanco polar","5.08","UNICACON NUCON NU320318"
"Mecanismos / Schneider / New Unica","Cruzamiento Schneider Electric New Unica 10A blanco polar","14.11","UNICACRUCE NUCRUCE NU320518"
"Mecanismos / Schneider / New Unica","Pulsador botón pulsador Schneider Electric New Unica sin impresión blanco polar","6.57","UNICAPUL NUPUL NU320618"
"Mecanismos / Schneider / New Unica","Soporte para mecanismos Schneider Electric New Unica 1 módulo plástico blanco","0.82","UNICABAST NUBAST NU7002P"
"Mecanismos / Schneider / New Unica","Toma de corriente horizontal y vertical Schneider Electric New Unica schuko blanco polar","6.01","UNICAEN NUEN NU303718"
"Domotica / Wiser","Gateway Wiser by SE","246.54","WISERHUB  CCT501901"
"Domotica / Wiser","Micromódulo interruptor ON/OFF Wiser","94.35","WISERONOFF CCT5011-0002W"
"Domotica / Wiser","Micromódulo regulador multicable Wiser","108.74","WISERREG CCT5010-0003"
"Domotica / Wiser","Micromódulo de potencia Wiser","121.42","WISERPOTENCIA CCTFR6730"
"Mecanismos / Schneider / New Unica","Marco para mecanismos Schneider Electric New Unica Studio 2 elementos horizontal y vertical blanco polar","4.26","UNICAM2 NUM2 NU200418"
"Mecanismos / Schneider / New Unica","Marco para mecanismos Schneider Electric New Unica Studio 1 elemento horizontal y vertical blanco polar","2.36","UNICAM1 NUM1 NU200218"
"Mecanismos / Simon / Simon 82","Marco para mecanismos Simon Serie 82 3 elementos horizontal y vertical blanco nieve","12.15","S82M3 82630-30"
"Mecanismos / Hager / Berker K1","Caja salida de cables Hager Berker empotrable tabique hueco metal 283mm IP20 con Tapa para mecanismos Hager Berker K.1/K.5 para salida de cable blanco polar","14.36","K1SALIDA 4470 10057009"
"Mecanismos / Hager / Berker K1","Toma de comunicación y datos Hager Berker 2x RJ45 8(8) categoria 6","39.5","K1RJ45DOBLE 455501"
"Mecanismos / Legrand / Plexo","Interruptor bipolar Legrand Plexo 16A gris estanco (IP55)","21.74","PLEXOBIPOLAR 069527"
"Mecanismos / Simon / Simon 27","Pulsador tecla basculante Simon Serie 27 Play sin impresión blanco","7.8","S27PUL 27659-65"
"Partidas","Cuadro general de protección. Consta de : Magnetotérmico general de 40A, 2 diferenciales y 8 circuitos. Los circuitos son : alumbrado, fuerza general, fuerza cocina/baño, vitro/horno, lavadora, secadora, lavavajillas, termo. Todas las protecciones necesarias y no descritas en esta partida se facturarán aparte.","923.57","CUADRO         "
"Mecanismos / Legrand / Cetac","Base aérea cetac Legrand P17 Pro 16A 3 polos + tierra + neutro (3P+T+N) 400 V (50+60 Hz) rojo IP44 recto 6h","15.72","CETAC16A3P+N+TTAAF 555109"
"Mecanismos / Simon / Simon 31","Interruptor unipolar Simon Serie 31 10A blanco","16.79","S31INT 31101-30"
"Mecanismos / Schneider / Mureva","Marco para mecanismos Schneider Electric Mureva Styl 1 elemento horizontal y vertical estanco (IP55)","10.88","MUM1 MUR34107"
"Cableado / Unifilar","Hilo libre de halógenos  10 mm2","7.46","A10            "
"Telecom / Televisión / Derivadores","Repartidor para armario de distribución Legrand 2 polos 100A 10 conexiones","48.86","REPAR400402"
"Telecom / Accesorios","Latiguillo para conexión de datos Kommdata U/UTP cat6A 1m libre de halógenos (LHA) gris","4.2","LATIGUILLO1M 7280020220"
"Partidas","Toma de antena mecanismo básico completamente instalada, incluyendo tubo, cable coaxial, con cubierta blanca de gama media.","83.5","PTV"
"Iluminación / Bombillas","Ledvance PERFORMANCE CLASSIC A lámpara led E27 19W 2700K 2452lm 360°","14.59","TOLEDO2.0 7001627528"
"Iluminación / Luminarias / Pantallas estancas","Pantalla WT050C 1xTLED L1500 Philips","27.86","1X150PH 36604399"
"Iluminación / Luminarias / Pantallas estancas","Pantalla WT050C 2xTLED L1500 Philips","30.96","2X150PH 36605099"
"Iluminación / Luminarias / Pantallas estancas / Tubos LED","Lámpara CorePro LEDtube 1500mm 20W T8","8.9","TL150PH 45983000"
"Iluminación / Luminarias / Pantallas estancas / Tubos LED","Celer tubo LED T8 Security Glass C5 , 19W, 1500mm, 300°, 2700lm","10.47","TL150CELER 7000000307"
"Partidas","Linea de 6mm para Vitro bajo tubo forroplast de 25mm completamente instalado","82.8","LV             "
"Partidas","Linea de 2'5mm para Termo bajo tubo forroplast de 25mm completamente instalado","36.5","LT             "
"Partidas","Linea de 2'5mm para Secadora bajo tubo forroplast de 25mm completamente instalado","36.5","LSECA          "
"Partidas","Linea de 6mm para Horno en tubo forroplast de 25mm completamente instalado.","82.8","LH             "
"Canalización / Forro verde","Tubo flexible una capa Gewiss verde Ø 40mm","2.98","FORROV40 DX15240R"
"Iluminación / Luminarias / Emergencias","Luminaria de emergencia Legrand Ura 21 LED Plus LED integrado 350lm 1h IP42 permanente/ no permanente","113.77","350LM 661607PL"
"Iluminación / Luminarias / Pantallas estancas / Tubos LED","Celer tubo LED T8 Security Glass C5 , 15W, 1200mm, 300° 2200lm","8.86","TL120CELER 7000000304"
"Iluminación / Luminarias / Pantallas estancas","Pantalla estanca Celer tubo LED intercambiable sin tubos 1x1500mm","27.9","1X150CELER 7100070105"
"Iluminación / Luminarias / Pantallas estancas","Pantalla estanca Celer tubo LED intercambiable sin tubos 1x600mm","14.1","1X60CELER 7100070101"
"Iluminación / Luminarias / Pantallas estancas","Pantalla estanca Celer tubo LED intercambiable sin tubos 2x1200mm","30.75","2X120CELER 7100070104"
"Iluminación / Luminarias / Pantallas estancas","Pantalla estanca Celer tubo LED intercambiable sin tubos 2x1500mm","37.95","2X150CELER 7100070106"
"Iluminación / Luminarias / Pantallas estancas","Pantalla estanca Celer tubo LED intercambiable sin tubos 2x600mm","18.4","2X60CELER 7100070102"
"Iluminación / Detectores","Detector de movimiento BEG techo empotrable Ø8/2,5m 360° blanco con mando BL2-FT","64.85","BEG360TECHO 93317"
"Cajas / Acometida / Módulos","Modulo contador monofásico con fusibles UTE","115.0","MONOUTE        "
"Cuadros / Protecciones / Hager","Interruptor automático magnetotérmico industrial Hager HM C100 4P 10kA","846.14","4100AH HMF490"
"Cuadros / Protecciones / Hager","Interruptor automático magnetotérmico industrial Hager HM C80 4P 10kA","808.91","480AH HMF480"
"Cuadros / Protecciones / Hager","Interruptor automático magnetotérmico terciario Hager ML C10 1P+N 6kA","82.24","DPN10H MLU510"
"Cuadros / Protecciones / Hager","Interruptor automático magnetotérmico terciario Hager ML C16 1P+N 6kA","83.81","DPN16H MLU516"
"Cuadros / Protecciones / Hager","Interruptor automático magnetotérmico terciario Hager ML C20 1P+N 6kA","85.9","DPN20H MLU520"
"Cuadros / Protecciones / Hager","Interruptor automático magnetotérmico terciario Hager ML C25 1P+N 6kA","87.99","DPN25H MLU525"
"Cuadros / Protecciones / Hager","Interruptor automático magnetotérmico industrial Hager HM C125 4P 10kA","888.16","4125AH  HMF499"
"Cuadros / Protecciones / Legrand","Interruptor automático magnetotérmico terciario Legrand TX3 C32 1P+N 6kA","90.18","232AL 403589"
"Cuadros / Protecciones / Legrand","Interruptor automático magnetotérmico terciario Legrand TX3 C16 1P+N 6kA","38.83","216AL 403586"
"Cuadros / Protecciones / Legrand","Interruptor automático magnetotérmico terciario Legrand TX3 C25 1P+N 6kA","40.73","225AL 403588"
"Iluminación / Detectores","Detector de movimiento Schneider Electric Argus mural montaje en superficie para tabique hueco Ø12/2,5m 360° blanco","129.29","DETECTORSUP360 CCT56P008"
"Iluminación / Detectores","Detector de movimiento Orbis Dicromat Micro techo empotrable Ø4/2,5m 360° blanco ","135.55","SENSORMINI OB133612"
"Iluminación / Detectores","Detector de presencia Legrand Mosaic techo empotrable Ø8/2,5m 360° blanco con mando","105.92","DETECTOREMP360 048941"
"Cableado / K-Flex negro","K-FLEX color negro 1x35mm2","17.55","K1X35"
"Cableado / K-Flex negro","K-FLEX color negro 1x10mm2","5.2","K1X10"
"Cableado / K-Flex negro","K-FLEX color negro 1x70mm2","34.37","K1X70"
"Cableado / K-Flex negro","K-FLEX color negro 2x1'5mm2","2.47","K2X1'5         "
"Cableado / K-Flex negro","K-FLEX color negro 2x2'5","3.63","K2X2'5"
"Cableado / K-Flex negro","K-FLEX color negro 2x6mm2","5.54","K2X6           "
"Cableado / K-Flex negro","K-FLEX color negro 3X1'5mm2","3.21","K3X1'5         "
"Cableado / K-Flex negro","K-FLEX color negro 3X10mm2","17.6","K3X10          "
"Cableado / K-Flex negro","K-FLEX color negro 3X16mm2","25.15","K3X16"
"Cableado / K-Flex negro","K-FLEX color negro 3X2'5mm2","4.86","K3X2'5         "
"Cableado / K-Flex negro","K-FLEX color negro 3X4mm2","5.42","K3X4           "
"Cableado / K-Flex negro","K-FLEX color negro 4X1'5mm2","4.11","K4X1'5         "
"Cableado / K-Flex negro","K-FLEX color negro 4X16mm2","32.42","K4X16          "
"Cableado / K-Flex negro","K-FLEX color negro 5x1'5mm2","4.6","K5X1'5         "
"Cableado / K-Flex negro","K-FLEX color negro 5x2'5mm2","7.04","K5X2'5         "
"Iluminación / Luminarias / Proyectores","Foco LED Ledvance 50W IP65","46.65","LEDVANCE50     "
"Cableado / K-Flex verde","Manguera libre de halógenos 2x1'5mm2","3.35","A2X1'5         "
"Canalización / Minicanal","Minicanal Legrand DLPlus 20x12,5x2100mm blanco","2.22","20X12 030008"
"Canalización / Minicanal / Accesorios","Caja de derivación para minicanal Legrand DLPlus 175x110x70mm blanco","13.22","CDM3 636377"
"Canalización / Minicanal / Accesorios","Caja de derivación para minicanal Legrand DLPlus 140x85x40mm blanco","11.99","CDM2 636376"
"Iluminación / Reguladores","Regulador modular con potenciómetro incorporado RE EL1 LE3 ","101.63","REEL1LE3"
"Iluminación / Reguladores","Regulador de pastilla Dinuy corte de fase TRIAC 350W RE PLA LE1","76.61","REPLALE1"
"Iluminación / Reguladores","Regulador de tira de LED  24V Dinuy RE PLA LE2","84.13","REPLALE2       "
"Iluminación / Reguladores","Regulador de tira de LED 230v Dinuy RE PLA LE3","79.51","REPLALE3"
"Cableado / K-Flex verde","Manguera libre de halógenos 2x2'5mm2","4.6","A2X2'5"
"Cableado / K-Flex verde","Manguera libre de halógenos 3X1'5mm2","4.0","A3X1'5         "
"Cableado / K-Flex verde","Manguera libre de halógenos 3X2'5mm2","5.65","A3X2'5         "
"Cableado / K-Flex verde","Manguera libre de halógenos 3x16mm","27.42","A3X16"
"Cableado / K-Flex verde","Manguera libre de halógenos 3x6mm2","11.99","A3X6           "
"Cableado / K-Flex verde","Manguera libre de halógenos 4x10mm2","18.09","A4X10          "
"Cableado / K-Flex verde","Manguera libre de halógenos 5x16mm2","43.82","A5X16          "
"Cableado / K-Flex verde","Manguera libre de halógenos 5x6mm2","19.13","A5X6           "
"Cableado / K-Flex verde","Manguera libre halógenos 4x1'5mm2","5.1","A4X1'5"
"Cableado / K-Flex verde","Manguera libre halógenos 4x2'5mm2","7.33","A4X2'5"
"Cableado / K-Flex verde","Manguera libre halógenos 5x1'5mm2","6.24","A5X1'5"
"Cableado / K-Flex verde","Manguera libre halógenos 5x2'5mm2","9.05","A5X2'5"
"Canalización / Tubo H / Accesorios","Racor roscado libre de halógenos M40 IP67 gris","5.33","RACORH40 243.4000.0"
"Canalización / Binke / Accesorios","Racor RGp giratorio, de poliamida para montaje de tubos flexibles, M25(DN16). En color Gris RAL 7001.","3.12","RACORBIN25 35011250"
"Canalización / Binke / Accesorios","Racor RGp giratorio, de poliamida para montaje de tubos flexibles, M32(DN21). En color Gris RAL 7001.","5.4","RACORBIN32 35011320"
"Cableado / Accesorios","Prensaestopas IRIS de poliamida 6 autoextinguible, M25, cable 13/18 mm en color Gris RAL 7035","2.21","RACORCABLE25 21041250"
"Cableado / Accesorios","Prensaestopas IRIS de poliamida 6 autoextinguible, M32, cable 18/25 mm en color Gris RAL 7035","4.2","RACORCABLE32 21041320"
"Cableado / Paralelo","Hilo paralelo ( rojo y negro ) 2X1mm2","1.41","PARALELO2X1 7272030050"
"Cableado / Paralelo","Hilo paralelo ( rojo y negro ) 2x0.75mm2","1.22","PARALELO2X0.75 7272030040"
"Cuadros / Protecciones / Hager","Interruptor diferencial Hager 40A 2P 30mA clase A Serie CDH superinmunizado","488.13","SIH CDH240M"
"Cuadros / Protecciones / Hager","Interruptor diferencial Hager 40A 4P 300mA clase AC Serie CFC","467.98","DIF440300H CFC742J"
"Cuadros / Protecciones / Hager","Interruptor diferencial Hager 25A 2P 30mA clase AC Serie CDC","117.0","DIF225H CDC728M"
"Mecanismos / Legrand / Clavijas aéreas","Clavija con toma de tierra schuko Legrand 050316 2 polos + tierra (2P+T) 16A 250V blanco","3.67","MACHOBLANCO 050316"
"Mecanismos / Legrand / Mosaic","Caja para instalación en suelo Legrand Mosaic 2 módulos gris con 2 Toma de corriente horizontal y vertical Legrand Mosaic schuko blanco","157.49","ENSUELODOBLE 089702 077213"
"Ventilación / Extractores","Extractor baño SILENT-100-CZ 8W 2100rpm","85.54","SILENT100CZ12V 5210400700"
"Partidas","Trabajo a realizar","0.0","TRABAJO        "
"Partidas","Trabajos realizados","0.0","TRABAJOS       "
"Partidas","Tramitaciones y legalización","495.0","TRAMITACIONES"
"Iluminación / Tiras LED / Nexia","Tira de Led 19.2W mt Blanco regulable","17.41","TIRALED19'2"
"Partidas","Cuadro general de protección. Consta de : Protección contra sobretensiones permanentes, magnetotérmico general de 40A, 2 diferenciales y 8 circuitos. Los circuitos son : alumbrado, fuerza general, fuerza cocina/baño, vitro/horno, lavadora, secadora, lavavajillas, termo. Todas las protecciones necesarias y no descritas en esta partida se facturarán aparte.","1032.24","CUADROST CUADROSOBRE"
"Canalización / Tubo H","Tubo PVC para instalación de cables enchufable 14,1x20mm rigido gris","3.03","H20 TH20 6201000020"
"Canalización / Tubo H","Tubo PVC para instalación de cables enchufable 18,3x25mm rigido gris","3.99","H25 TH25 6201000025"
"Canalización / Tubo H","Tubo PVC para instalación de cables enchufable 25,3x32mm rigido gris","5.55","H32 TH32 6201000032"
"Canalización / Tubo H","Tubo PVC para instalación de cables enchufable 31,2x40mm rigido gris","8.3","H40 TH40 6201000040"
"Canalización / Tubo H","Tubo PVC para instalación de cables enchufable 39,6x630mm rigido gris","14.79","H63 TH63 6201000063"
"Mecanismos / Legrand / Clavijas aéreas","Base enchufe Legrand plástico 2 polos + tierra (2P+T) blanco","6.21","HEMBRABLANCO 050317"
"Mecanismos / Legrand / Clavijas aéreas","Clavija con toma de tierra schuko Legrand 2 polos + tierra (2P+T) 16A 250V negro","8.67","MACHONEGRO 050328"
"Partidas","Base de toma de corriente 25 A.","120.1","BEN25A"
"Partidas","Intervención mínima","55.0","INTERVENCION MINIMA"
"Cuadros / Protecciones / Hager","Interruptor diferencial 2P 40A 30mA tipo A","164.5","DIF240HA CDA740R DIF240HTIPOA"
"Cuadros / Protecciones / Hager","Interruptor automático magnetotérmico con protección de sobretensiones Hager SP G 40A 2p 230V ","211.0","ST240AH SP240G"
"Canalización / Tubo H","Tubo PVC para instalación de cables enchufable 39,6x50mm rigido gris","11.0","H50 TH50 6201000050"
"Partidas","Servicio de elevador para trabajos en altura por día","70.0","ELEVADOR"
"Cuadros / Accesorios / Bornas Rail","Borna rail Tekox 16mm² Neutro/Fase","2.32","BR16 BRC16 BRC16A"
"Partidas","Valoración DUA IVA 21 %","1.0","DUA21"
"Partidas","Valoración DUA IVA 10 %","1.0","DUA10"
"Partidas","Valoración DUA IVA 4 %","1.0","DUA4"
"Mecanismos / Schneider / New Unica","Interruptor unipolar Schneider Electric New Unica 10A blanco polar","4.67","UNICAINT NUINT NU320118"
"Partidas","Varios","0.0","1"
"Canalización / Minicanal / Accesorios","Caja de derivación para minicanal Unex Serie 73 U24X 110x150x74mm gris claro","14.68","CAJAUNEX110X150G 73461-04"
"Telecom / Datos / Rack","Armario RACK Kommdata mural 600x450mm 12U 482,6 mm (19"") con bastidor fijo negro (RAL 9004)","199.31","RACK 7300020012"
"Iluminación / Luminarias / Jardín","Foco piscina IEP ","116.17","FOCOPISCINA    "
"Iluminación / Accesorios","Transformador 50W 12V","9.0","TRANS          "
"Domotica / Wiser","Actuador de cierre para sistema de bus Schneider Electric 1 salida persiana 220-240AC","94.12","WISERPERSIANA CCT5015-0002W"
"Cuadros / Accesorios / Bornas Rail","Borna rail Tekox 16mm² TT","10.22","BR16TT BRT16"
"Cuadros / Accesorios / Bornas Rail","Borna rail Tekox 10mm² TT","9.58","BR10TT BRT10"
"Iluminación / Luminarias / Downlights","Downlight LED Celer Alus redondo corte Ø200mm 25W 5500K 3300lm estanco (IP44) no dimable blanco","55.2","AWAUTO FOCOAWAUTO"
"Cuadros / Accesorios / Bornas Rail","Borna rail Tekox 10mm² Neutro/Fase","2.02","BR10 BRC10 BRC10A"
"Cuadros / Accesorios / Bornas Rail","Borna rail Tekox 25/35mm² Neutro/Fase","4.13","BR35 BRC25/35 BRC25/35A"
"Cuadros / Accesorios / Bornas Rail","Borna rail Tekox 50/70mm² Neutro/Fase","15.26","BR70 BRC50/70 BRC50/70A"
"Cuadros / Accesorios / Bornas Rail","Placa final Tekox hasta 10mm² gris","0.63","PBR10 PRC6/10"
"Cuadros / Accesorios / Bornas Rail","Placa final Tekox hasta 35mm² gris","0.78","PBR35 PRC25/35"
"Cuadros / Accesorios / Bornas Rail","Borna rail Tekox 25/35mm² TT","11.24","BR35TT BRT25/35"
"Cuadros / Accesorios / Bornas Rail","Placa final Tekox hasta 16mm² gris","0.69","PBR16 PRC16"
"Cuadros / Accesorios / Bornas Rail","Borna rail Tekox 50/70mm² TT","16.05","BR70TT BRT50/70"
"Partidas","2 puntos de zumbador con mecanismo de gama media completo y zumbador instalado con hilo 1'5mm2","191.33","PLTX2"
"Iluminación / Luminarias / Downlights","Panel LED PHILIPS 600x600mm 4000K no dimable blanco","50.05","PANEL60X60"
"Cuadros / Accesorios","Contador de energía monofásico Saci medición directa clase A 80ln","63.16","SACIMONO YM2DL13301"
"Canalización / Tubo H / Accesorios","Curva tubería instalación de cables PVC Ø40mm abocardado rígido IP40","4.34","H40CURVARIG 245.4000.0"
"Cableado / Conexiones","Borna de distribución Schneider Electric PanelSeT CRN 1 polos 50 mm","15.77","SIGMA50 NSYS50"
"Mecanismos / Hager / Berker K1","Conmutador Hager Berker 10A tecla basculante","6.0","K1CON 3036"
"Iluminación / Bombillas","Ledvance SUPERIOR CLASSIC P DIM FIL 40 lámpara led regulable E27 4,2W 2700K 470lm 300° filamento","6.8","STANDARPETITALED 4099854077968 ESFERICA"
"Canalización / Acero","Manguito tubería instalación de cables acero enchufable Ø20mm gris","2.14","ACEROMANG20 6203001120"
"Cableado / K-Flex verde","Manguera libre de halógenos 5x25mm2","73.63","A5X25"
"Cableado / K-Flex verde","Manguera libre de halógenos 5x35mm2","106.27","A5X35"
"Mecanismos / Simon / Simon 82","Marco para mecanismos Simon Serie 82 1 elemento horizontal y vertical blanco nieve","4.35","S82M1 82610-30"
"Cableado / Trenzado","Trenzado de cobre 2x6mm2","9.31","TREN2X6"
"Cuadros / Protecciones / Hager","Interruptor automático magnetotérmico con protección de sobretensiones Hager SP G 63A 4p 400V ","716.3","ST463AH SP463G"
"Canalización / Minicanal / Accesorios","Caja de derivación para minicanal Unex Serie 40 U48X 110x110x45mm blanco libre de halógenos (LHA)","11.37","CAJAUNEX110X110 40031-42"
"Telecom / Datos / Rack","Bastidor Rack pared 19"" 3U","45.9","RACKPARED"
"Canalización / Minicanal / Accesorios","Caja de derivación para minicanal Unex Serie 40 U48X 110x150x65mm blanco libre de halógenos (LHA)","14.61","CAJAUNEX110X150X65 40042-42"
"Partidas","Desplazamiento","10.0","DES            "
"Cableado / K-Flex negro","K-FLEX color negro 5X10mm2","29.01","K5X10"
"Cableado / K-Flex negro","K-FLEX color negro 5X16mm2","41.12","K5X16"
"Canalización / Minicanal","Minicanal Legrand DLPlus 40x20x2100mm blanco","7.3","CANAL40X20 030027"
"Mecanismos / Hager / Berker K1","Marco para mecanismos Hager Berker K.1/K.5 1 elemento horizontal y vertical blanco polar","2.48","K1M1 13137009"
"Canalización / Tubo H / Accesorios","Curva tubería instalación de cables PVC Ø20mm abocardado rígido IP40","1.6","H20CURVARIG 245.2000.0"
"Partidas","Cajas de derivación GEWISS RAL9016 montaje con carril DIN varias y Cajetines para mecanismo Solera Mecabox 1 módulo 60x65x40mm","151.03","CAJAS          "
"Partidas","Punto de luz extra en pared, techo o suelo","25.08","PLEXTRA"
"Cuadros / Protecciones / Hager","Borne de conexión 1x35mm² para DPN Hager","8.72","DPNCON KF83A"
"Cuadros / Protecciones / Schneider","Interruptor automático magnetotérmico terciario Schneider Electric iK60N C32 2P 6kA","94.25","232A A9K17232"
"Iluminación / Tiras LED / Celer","Celer tira de LED IP20 COB 512LED/M 3000K anchura 10mm 12W/M 24V","20.0","COB12W3000K 7100035085"
"Cableado / Conexiones","Borna de distribución Schneider Electric PanelSeT CRN 1 polos 70 mm","21.23","SIGMA70 NSYS70"
"Iluminación / Tiras LED / Accesorios","Driver LED Mean Well HLG 320W 0-13340mA 12-24V salida fija","145.49","TRAFO320 HLG-320H-24"
"Iluminación / Luminarias / Pantallas estancas","Pantalla WT050C 2xTLED L600 Philips","17.0","2X60PH 75325999"
"Iluminación / Bombillas / Portalámparas","Portalámparas G9","7.47","PORTAG9"
"Ventilación / Extractores","Extractor baño SILENT-100-CRZ 8W 2100rpm","134.1","SILENT100CRZ  5210401500"
"Ventilación / Extractores","Extractor baño SILENT-100-CRZ DESIGN","135.42","DESIGNCRZ  5210601900"
"Partidas","Instalación de tubo e hilos para : iluminación, enchufes, termo, horno, vitro, lavadora, secadora.","786.65","LINEAS         "
"Mecanismos / Simon / Simon 27","Conmutador Simon Serie 27 Play 10A tecla basculante blanco","6.4","S27CON  27201-65"
"Mecanismos / Simon / Simon 27","Placa para toma comunicación y datos Simon Serie 27 RJ45 8(4) 1 conector blanco","8.98","S27TAPARJ45 27087-35"
"Canalización / Tubo H / Accesorios","Curva tubería instalación de cables PVC Ø40mm enchufable plegable IP64","11.76","H40CURVAFLEX 233.4000.0"
"Cuadros / Protecciones / Schneider","Interruptor automático magnetotérmico terciario Schneider Electric iK60N C16 2P 6kA","47.12","216A A9K17216"
"Cuadros / Protecciones / Legrand","Interruptor automático magnetotérmico terciario Legrand DX3 C10 1P+N 6/10kA","89.76","DPN10L 407726"
"Cableado / K-Flex negro","K-FLEX color negro 3x6mm2","9.65","K3X6           "
"Mecanismos / BJC / Iris","Conmutador BJC Iris/Aura 16A tecla basculante ","7.08","IRISCON 18506"
"Iluminación / Luminarias / Emergencias","Marco Legrand empotrar luminaria Ura 21 Plus","14.57","MARCOEMER 661720PL"
"Iluminación / Reguladores","Regulador de pastilla Eltako corte de fase TRIAC 400W","77.5","ELTAKO 61100801"
"Telecom / Televisión / Derivadores","Repartidor/distribuidor Televés 5-2400MHz 3 desviaciones ","14.73","REPARTV13 543603"
"Partidas","Punto de luz conmutado con mecanismo de gama media completo.  Se incluye tubo, cable y mecanismo de color blanco completamente instalado","101.64","PLC            "
"Telecom / Datos / Rack","Panel de datos cat.6A Schneider Electric Actassi 24 conectores RJ45 Instalación en 19"" STP","83.4","PANELSONE VDIG112241F"
"Canalización / Acero / Accesorios","Curva tubería instalación de cables acero Ø20mm enchufable rígido IP54","5.64","ACEROCURVA20 6203001020"
"Cuadros / Protecciones / Schneider","Interruptor diferencial Schneider Electric 40A 4P 300mA clase AC Acti 9 iIDK","469.67","DIF440300 A9Z06440"
"Cuadros / Protecciones / Hager","Interruptor automático magnetotérmico terciario Hager MU C63 3P+N 6kA","582.2","463AH MUN663"
"Mecanismos / Simon / Simon 31","Zumbador Simon Serie 31 230V AC blanco","45.0","S31ZUM 31806-30"
"Mecanismos / Simon / Simon 31","Toma de corriente horizontal y vertical Simon Serie 31 schuko blanco","15.54","S31EN 31432-60"
"Cuadros / Protecciones / Hager","Interruptor automático magnetotérmico terciario Hager MU C40 1P+N 6kA","111.08","240AH MUN540A"
"Canalización / Forro verde","Tubo flexible una capa Gewiss verde Ø 32mm","2.14","FORROV32 DX15232R"
"Mecanismos / Simon / Simon 27","Zumbador Simon Serie 27 220V AC blanco","30.72","S27ZUMBA 27806-35"
"Cableado / K-Flex negro","K-FLEX color negro 8X1'5mm2","5.67","K8X1'5         "
"Cableado / K-Flex negro","K-FLEX color negro 6X1'5mm2","5.42","K6X1'5         "
"Iluminación / Bombillas","Lampara Dicroica  50W 12V","3.8","DIC            "
"Cuadros / Protecciones / Hager","Interruptor diferencial Hager 40A 4P 30mA clase AC Serie CDC","553.35","DIF440H CDC742J"
"Iluminación / Bombillas","Lampara Dicroica 220 V 50 W","7.1","DIC220         "
"Iluminación / Bombillas","Lampara Osram bajo consumo 23W","9.25","BC23W          "
"Iluminación / Bombillas","Celer Neospot lámpara led regulable GU10 7,5W 3000K 700lm 60°","9.18","CELERGU10REG 7000010081"
"Cableado / Conexiones","Terminal de cable a presión para conductor de aluminio Cembre aluminio 150mm2 M12 bimetálico","8.69","BIMETALIC ASE150-M12"
"Telecom / Accesorios","Toma de datos 3M cat6 ","4.45","3MCAT6         "
"Telecom / Accesorios","Latiguillo para conexión de datos Kommdata U/UTP cat6A 0,5m libre de halógenos (LHA) gris","3.25","LATIGUILLO0'5M 7280020215"
"Canalización / Acero / Accesorios","Curva tubería instalación de cables acero Ø40mm enchufable rígido IP54","13.99","ACEROCURVA40 6203001040"
"Cuadros / Protecciones / Hager","Interruptor automático magnetotérmico terciario Hager MU C25 4P 6kA","219.49","425AH MUN425A"
"Canalización / Tubo H / Accesorios","Curva tubería instalación de cables PVC Ø16mm abocardado rígido IP40","1.36","H16CURVARIG 245.1600.0"
"Mecanismos / Legrand / Plexo","Conmutador Legrand Plexo 10A tecla basculante gris estanco (IP55)","10.0","PLEXOCON 069511"
"Mecanismos / Legrand / Plexo","Cruzamiento Legrand Plexo 10A gris estanco (IP55)","34.66","PLEXOCRUCE 069521"
"Canalización / Tubo H / Accesorios","Curva tubería instalación de cables PVC Ø32mm abocardado rígido IP40","3.58","H32CURVARIG 245.3200.0"
"Iluminación / Bombillas","Philips Trueforce CorePro LED HPL lámpara led E27 18W 3000K 3000lm 300°","33.88","PH18W 75029900"
"Cableado / Conexiones","Borna de distribución Schneider Electric PanelSeT CRN 1 polos 100 mm","28.82","SIGMA100 NSYS95100"
"Cableado / Conexiones","Borna de distribución Schneider Electric PanelSeT CRN 1 polos 16 mm","7.31","SIGMA16 NSYS16"
"Cajas / Acometida / Accesorios","Cilindro empotrar Guarda llave Endesa","123.68","CILINDROENDESA 6005318"
"Cableado / Conexiones","Borna de distribución Schneider Electric Spacial CRN 1 polos 35 mm","9.12","SIGMA35 NSYS2535"
"Iluminación / Bombillas","Philips Trueforce CorePro LED HPL lámpara led E27 36W 3000K 5500lm 300°","66.21","PH36W 29927600"
"Canalización / Tubo H / Accesorios","Curva tubería instalación de cables PVC Ø50mm abocardado rígido IP40","7.11","H50CURVARIG 6201005125"
"Cableado / Paralelo","Hilo paralelo ( rojo y negro ) 2X0.5mm2","0.95","PARALELO2X0.5 7272030030"
"Iluminación / Bombillas","Philips Trueforce CorePro LED HPL lámpara led E27 26W 3000K 4000lm 300°","47.88","PH26W 75033600"
"Cuadros / Protecciones / Schneider","Guardamotor Schneider Electric TeSys GV2 3 polos 4A IP20 2,5-4A 690V","151.81","DISYUNTOR4 GV2ME08"
"Iluminación / Tiras LED / Accesorios","Driver LED Mean Well 20W 24V salida fija ","17.9","TRAFO20 LIMW2420WP"
"Canalización / Tubo H / Accesorios","Curva tubería instalación de cables PVC Ø50mm enchufable plegable IP64","20.43","H50CURVAFLEX 6201005015"
"Cuadros / Plexo","Cerradura cilindro Legrand Practibox / Plexo","31.39","CERRADURALEGRAND 001966"
"Iluminación / Luminarias / Downlights","Downlight LED Celer Neopanel redondo corte Ø210mm 18W 3000K 1900lm no dimable blanco","17.93","NEOPANEL18W 7100020215"
"Cajas / Acometida / Accesorios","Base portafusibles D02 1p 63A 400V montaje sobre piso","4.79","PORTAFUNZ 212663"
"Canalización / Tubo rojo","Tubo corrugado para canalización de cables PVC DN63 resistencia 450N con guia rojo","2.33","K63 1955000063"
"Mecanismos / Hager / Berker K1","Cruzamiento Hager Berker 10A","12.46","K1CRUCE 3037"
"Mecanismos / Hager / Berker K1","Marco intermedio Hager Berker K.1/K.5 blanco polar","3.87","K1ADAP 11087009"
"Mecanismos / Hager / Berker K1","Pulsador tecla basculante Hager Berker sin impresión","6.58","K1PUL 5031"
"Mecanismos / Hager / Berker K1","Interruptor unipolar Hager Berker 10A","5.26","K1INT 3031"
"Mecanismos / Hager / Berker K1","Toma de corriente horizontal y vertical Hager Berker K.1/K.5 schuko y USB blanco polar","89.47","K1ENUSB 48037009"
"Cuadros / Protecciones / Legrand","Interruptor automático magnetotérmico terciario Legrand DX3 C16 4P 6/10kA ","247.66","416AL 407928"
"Partidas","Terminales varios","1.5","TERMINAL"
"Mecanismos / BJC / Iris","Zumbador BJC Iris/Coral 230V AC blanco con regulador de tono con Tapa para mecanismos BJC Iris para zumbador blanco","30.14","IRISZUMBADOR 18536-B 18730"
"Cableado / Trenzado","Trenzado 2x16mm2 aluminio","5.9","TREN2X16AL"
"Iluminación / Detectores","Detector de movimiento Celer Alta Frecuencia mural/techo empotrable Ø16/4m 360° blanco","50.4","DETECTORALTAFRECUENCIA 7860030000"
"Cajas / Acometida / Módulos","Caja general de protección y medida (CPM) Pinazo CPM-1M 63A monofásico IP43 360x270x176mm","165.0","BUCMONO MONOBUC CPMMONO 482021"
"Cableado / Conexiones","Conector Lineal Tek WP3/L IP68 2P+T ","9.89","CONECTORLINEAL 8429784238584"
"Iluminación / Tiras LED / Accesorios","Driver LED Mean Well 60W 12-24V salida fija","28.0","TRAFO60 LIMW2460WP"
"Cableado / K-Flex verde","Manguera  libre de halógenos 3X10mm2","19.43","A3X10"
"Cuadros / Protecciones / Hager","Interruptor automático magnetotérmico terciario Hager MU C32 1P+N 6kA","82.31","232AH MUN532A"
"Cuadros / Protecciones / Schneider","Guardamotor Schneider Electric TeSys GV2 3 polos 18A IP20 13-18A 690V","181.97","DISYUNTOR18 GV2ME20"
"Cuadros / Protecciones / Legrand","Interruptor automático magnetotérmico terciario Legrand DX3 C10 4P 6/10kA ","244.83","410AL 407926"
"Iluminación / Tiras LED / Accesorios","Driver LED Mean Well 150W 24V salida fija","61.8","TRAFO150 LIMW24150WP"
"Iluminación / Tiras LED / Accesorios","Driver LED Mean Well 100W 24V salida fija","45.75","TRAFO100 LIMW24100WP"
"Canalización / Acero / Accesorios","Curva tubería instalación de cables acero Ø25mm enchufable rígido IP54","5.9","ACEROCURVA25 6203001025"
"Cableado / K-Flex negro","K-FLEX color negro 1x6mm2","2.83","K1X6           "
"Iluminación / Bombillas","Lampara led dicroica 6w gu10 3000k 36º 12-24V","6.1","GU1024V"
"Mecanismos / Hager / Berker K1","Tecla para mecanismos Hager Berker K.1/K.5 tecla persianas símbolo ""flechas"" blanco polar","10.74","K1PERSIANASTECLA 14357109"
"Mecanismos / Hager / Berker K1","Tecla para mecanismos Hager Berker K.1/K.5 tecla basculante doble sin impresión blanco polar","9.06","K1TECLADOBLE 14357009"
"Mecanismos / Hager / Berker K1","Pulsador tecla basculante Hager Berker","17.6","K1PERSIANA 503520"
"Mecanismos / Hager / Berker K1","Pulsador doble tecla basculante Hager Berker sin impresión","12.22","K1DOBLEPUL 5035"
"Mecanismos / Hager / Berker K1","Placa para toma comunicación y datos Hager Berker K.1/K.5 RJ45 2 conectores blanco polar","9.55","K1TAPADOBLERJ45 14097009"
"Iluminación / Luminarias / Emergencias","Luminaria de emergencia Celer LED 200lm 1h estanco (IP65) permanente/ no permanente","43.25","200LUMC 7200005003"
"Mecanismos / Hager / Berker K1","Conmutador doble Hager Berker","19.99","K1DOBLE 303808"
"Mecanismos / Legrand","Base enchufe Legrand plástico (2P+T) 25A 250V blanco","22.36","TOMA25A 055423"
"Telecom / Datos / Rack","Bandeja frontal 1U de 19” para racks de fondo 190 mm","19.6","BANDEJARACK"
"Iluminación / Luminarias / Pantallas estancas","Pantalla WT050C 1xTLED L600 Philips","15.1","1x60PH 75324299"
"Iluminación / Luminarias / Pantallas estancas","Pantalla WT050C 1xTLED L1200 Philips","24.77","1X120PH 36602999"
"Iluminación / Luminarias / Downlights","Aro para empotrar basculante color blanco para bombillas dicroicas led","4.55","ARODICBAS 00122-0"
"Iluminación / Luminarias / Downlights","Aro para empotrar fijo color blanco para bombillas dicroicas led","3.25","ARODICFIJ 00121-0"
"Iluminación / Luminarias / Downlights","Empotrable IP65 aluminio 50W 12V blanco","25.0","DICEST 750A-G23X1D-01"
"Mecanismos / Legrand","Base múltiple Premium 3x2P+T ROT sin cable blanco negro","18.15","ROT3 694543"
"Mecanismos / Schneider","Base Schuko Doble Odace Blanco Schneider","20.39","BASEDOBLE S521087"
"Mecanismos / Legrand / Cetac","Base aérea cetac Legrand P17 Pro 32A 2 polos + tierra (2P+T) 230 V (50+60 Hz) azul IP44 recto 6h","18.75","CETAC32A2PTTAAF 555214"
"Mecanismos / Legrand / Cetac","Base mural Legrand P17 Pro 32A 2 polos + tierra (2P+T) 230 V (50+60 Hz) azul IP44 6h","25.09","CETAC32A2PTTBASE 555254"
"Mecanismos / Legrand / Cetac","Base mural Legrand P17 Pro 16A 3 polos + tierra (3P+T) 400 V (50+60 Hz) rojo IP44","18.02","CETAC16A3PTTBASE 555158"
"Canalización / Acero","Manguito tubería instalación de cables acero enchufable Ø40mm gris","4.92","ACEROMANG40 6203001140"
"Canalización / Acero","Manguito tubería instalación de cables acero enchufable Ø50mm gris","6.87","ACEROMANG50 6203001150"
"Cuadros / Protecciones / Schneider","Interruptor automático magnetotérmico terciario Schneider Electric iC60N C63 4P 6/10kA","742.84","463A A9F79463"
"Cableado / Alumbrado / Ropa","Cable con cubierta textil clase 2 rígido de varios hilos H07V-K 3G2,5mm Fontini Garby conductor de tierra blanco","7.73","ROBA3X2'5"
"Iluminación / Luminarias / Downlights","Foco de empotrar Breno 6W","10.84","BRENOEMP6W 482820"
"Canalización / Minicanal","Minicanal Legrand DLPlus 32x12,5x2100mm blanco","3.34","32X12 030015"
"Iluminación / Luminarias / Pantallas estancas","Pantalla WT050C 2xTLED L1200 Philips","29.93","2X120PH 36603699"
"Iluminación / Luminarias / Emergencias","Celer emergencia marco para empotrar","5.25","MEMERGCELER 7200090000"
"Mecanismos / BJC / Rehabitat","Marco para mecanismos BJC Rehabitat 3 elementos estrechos horizontal blanco","9.65","REHABM3EST"
"Mecanismos / Schneider / New Unica","Caja de registro para empotrar en el suelo Schneider Electric OptiLine 45 plástico 6 aparatos instalables 95x183mm rectangular","35.06","PTSUELOZ3 ISM50330"
"Mecanismos / BJC / Rehabitat","Marco para mecanismos BJC Rehabitat 1 elemento horizontal blanco","8.97","REHABM1 16662-B"
"Mecanismos / BJC / Rehabitat","Marco para mecanismos BJC Rehabitat 2 elementos horizontal blanco","9.79","REHABM2 16664-B"
"Mecanismos / Simon / Simon 27","Marco para mecanismos Simon Serie 27 Play 3 elementos horizontal y vertical blanc","11.9","S27M3 2700630-030"
"Mecanismos / Simon / Simon 27","Caja de superficie para mecanismo empotrable Simon Serie 27 2 elementos horizontal y vertical blanco","14.47","S27Z2 27821-35"
"Mecanismos / Simon / Simon 27","Marco para mecanismos Simon Serie 27 Play 2 elementos horizontal y vertical blanco","7.24","S27M2 2700620-030"
"Canalización / Accesorios","Mordaza ( cocodrilo ) para fijación en viga M8","7.71","COCODRILOM8"
"Mecanismos / Simon / Simon 82","Caja salida de cables Simon Serie 75/82 superficie/empotrable metal 230mm IP20 y Tapa para mecanismos Simon Serie 82 para salida de cable blanco nieve","17.01","S82SALIDA 75801-39 82051-30"
"Iluminación / Luminarias / Downlights","Aro empotrable Kohl Sun circular 1x50W GU10 blanco","11.26","KOHLSUN K50140"
"Iluminación / Luminarias / Pantallas estancas / Tubos LED","Lámpara CorePro LEDtube 600mm 8W T8","6.7","TL60PH 48638600"
"Iluminación / Luminarias / Pantallas estancas / Tubos LED","Lámpara CorePro LEDtube 1200mm 15.5W T8","8.24","TL120PH 44809400"
"Iluminación / Luminarias / Proyectores","Proyector SKY-V4 negro 20W 220-240V switch 3000-4000-5000K 2400lm","23.2","SKY20W 4683"
"Mecanismos / Simon / Simon 27","Marco para mecanismos Simon Serie 27 Play 4 elementos horizontal y vertical blanco","16.47","S27M4 2700640-030"
"Cuadros / Accesorios","Contador de consumo Trifasico Delta Dore TYwatt Tri","163.0","CONTADORTRI 6110010"
"Telecom / Accesorios","Conector modular Kommdata Toolless hembra (Jack) CAT6A UTP","7.04","RJ45TOMACAT6A"
"Cuadros / Protecciones / Hager","Interruptor automático magnetotérmico con protección de sobretensiones Hager SP G 40A 4p 400V ","605.2","ST440AH SP440G"
"Iluminación / Bombillas / Portalámparas","Portalámparas Guirnalda Tipo Sevilla e27","3.55","PORTAGUIRNALDA"
"Iluminación / Luminarias / Downlights","Aro para lampara dicroica basculante cromado","6.4","ARODICCRO      "
"Canalización / Minicanal / Accesorios","Caja de derivación para minicanal Unex Serie 40 U48X 85x85x45mm blanco libre de halógenos (LHA)","7.21","CAJAUNEX85X85 40021-42"
"Iluminación / Luminarias / Detector incorporado","Lámpara con sensor de movimiento para interior Steinel RS 16L","94.75","STEINEL 4007841738013"
"Iluminación / Luminarias / Apliques","Plafón Moon 969/28 opal E27 2x20W IP44 - Ref. P09692OP","55.8","MOON 2XE27"
"Cableado / Paralelo","Cable libre oxígeno paralelo 2x1'5mm2","2.99","OXIGENO1'5"
"Mecanismos / Schneider / New Unica","Caja de suelo L para 3 módulos dobles gris oscuro","98.86","PTSUELOM3SCH INS52122"
"Iluminación / Luminarias / Jardín","REPISA/BRAZO VILLA 710 mm ALUMINIO ACABADO","185.5","BRAZO FAROLA"
"Cableado / Alumbrado","Cable 2x1'5mm2 para Guirnalda","3.4","CABLEGUIRNALDA"
"Canalización / Minicanal / Accesorios","Caja de derivación para minicanal Unex Serie 78 U24X 110x110x47mm gris claro","12.51","CAJAUNEX110X110G 78457-04"
"Mecanismos / Legrand / Plexo","Adaptador MOSAIC piloto señalización E/S plexo con Tapa para mecanismos Legrand Plexo para difusor rojo estanco (IP55)","35.42","PLEXOPILOTO 069583 069591"
"Canalización / Minicanal / Accesorios","Accesorios canal 32x12.5 mm Legrand","3.65","CANALAC32      "
"Canalización / Minicanal / Accesorios","Accesorios canal 20x12.5 mm Legrand","2.71","CANALAC20      "
"Cableado / Alumbrado / Ropa","Aislador cilíndrico Fontini Garby Serie 30 blanco","1.5","AISLADOR 30913170"
"Iluminación / Luminarias / Apliques","Aplique ACB Gina  8W LED GU10 blanco","43.9","GINA1 16/3874"
"Iluminación / Luminarias / Apliques","Aplique Prilux Boiro 6W GU10 estanco (IP54) gris","34.5","BOIRO 182089"
"Iluminación / Bombillas","Lámpara Osram bajo consumo 30W","21.5","BC30W          "
"Telecom / Porteros","Abrepuertas eléctrico Golmar abrepuertas estándar CV-24","30.0","ABREPUERTAS 20600240"
"Telecom / Televisión / Derivadores","Amplificador vivienda Televés PicoKom 1 canal 0-23dB 1 entradas 2 salidas","58.4","AMPLICASA 560601"
"Mecanismos / Legrand / Plexo","Conmutador doble Legrand Plexo gris estanco (IP55)","25.42","PLEXODOBLECON 069525"
"Telecom / Televisión / Antenas","Antena de televisión Televés DAT Boss UHF 21-60 canales 45dB","75.37","ANTENA  149942"
"Cuadros / Accesorios","Eltako WSZ15D-65A Contador de Corriente alterna","71.5","CONTADORMONOTAK 28065615"
"Iluminación / Luminarias / Apliques","B&F Mac Wall 20W switch 2700K/3200K/4000K dimable 250 IP65","78.24","MACWALL20"
"Cableado / Conexiones","Borna de distribución Tekox Serie BD BD 25/35 1 polos 35 mm","5.37","TEK35 BD35"
"Cableado / Conexiones","Borna de distribución Tekox Serie BD BD 70 1 polos 70 mm","13.1","TEK70 BD70"
"Partidas","Boletin eléctrico tramitado en Industria y en Fenie energia","420.0","BOLETINFENIE"
"Mecanismos / Simon / Simon 75","Regulador-conmutador de luz giratorio de 40 a 500 W/VA Simon 75","154.26","REGSIMON  75319-39"
"Mecanismos / Legrand","Base múltiple Premium 4x2P+T ROT sin cable blanco negro","22.7","ROT4 694544"
"Iluminación / Luminarias / Apliques","B&F Mac Wall 6W switch 2700K/3200K/4000K dimable120 IP65","50.29","MACWALL6"
"Cableado / Conexiones","Borna de distribución Tekox Serie BD BD 120 1 polos 120 mm","29.07","TEK120 BD120"
"Cableado / Conexiones","Borna de distribución Tekox Serie BD BD 95 1 polos 95 mm","18.45","TEK95 BD95"
"Cuadros / Accesorios","Bloque conexión 1P 125A 2X35 + 2X16/6X10 mm²","72.85","MONOBLOCK125AH KJ02DN"
"Iluminación / Bombillas","Ledvance HQL PRO Descarga lámpara led E40 90W 2700K 11700lm 360°","147.0","CEBRA 4099854040801"
"Iluminación / Bombillas","Bombilla Led tipo dicroica 5W 3000K equivalente a 50W","7.99","GU10PH5        "
"Cableado / K-Flex negro","K-FLEX color negro 4X4mm2","7.02","K4X4           "
"Partidas","Boletin eléctrico tramitado en Industria","380.0","BOLETINSIN     "
"Partidas","Base de enchufe 16A con mecanismo completo. Se incluye tubo, cable y mecanismo de color blanco completamente instalado","67.2","BEN            "
"Cajas / Acometida / CGP","Caja general de protección esquema 1 Cahors CGP-1-100 BUC 100A IP34D 213x352x118mm","129.0","CGPMINIMONO 0442430"
"Cajas / Acometida / CGP","Caja general de protección esquema 7 Cahors CGP-7-100 BUC 100A IP43 213x352x118mm","248.0","CGPMINITRI 0445058-R"
"Mecanismos / Legrand","Base múltiple Premium 5x2P+T ROT sin cable blanco negro","27.22","ROT5 694546"
"Vehículo eléctrico","Borna rail para Vehiculo eléctrico WAGO BORNA PASO S.2016 3 CONDUCTORES","6.99","BORNARAILVE"
"Mecanismos / Simon / Simon 27","Cruzamiento Simon Serie 27 Play 10A blanco","16.93","S27CRUCE 27251-65"
"Cajas / Acometida / CGP","Caja distribución urbanización DSPD 400A ","612.0","DSPD400 13301000"
"Iluminación / Luminarias / Apliques","Foco exterior LEK redondo aplique pared exterior 6,8W 3000K","70.0","LEKR 4907"
"Cuadros / Accesorios / Bornas Rail","Borna de conexión Legrand Viking 037175 1,5-6mm 125A 500V amarillo-verde","15.98","BORNARAIL35TT  037175"
"Cuadros / Accesorios / Bornas Rail","Borna de conexión Legrand Viking 1,5-6mm 125A 500V gris","8.89","BORNARAIL35 037165"
"Telecom / Televisión / Coaxial","Cable coaxial Televés T-100plus Dca blanco 75 Ohm","1.36","COAX 214102"
"Cableado / Alumbrado / Ropa","Cable con cubierta textil clase 2 rígido de varios hilos Fontini Garby Serie 30 2x1,5mm blanco","4.65","ROBA2X1'5 30976052"
"Cableado / Alumbrado / Ropa","Cable con cubierta textil clase 2 rígido de varios hilos Fontini Garby Serie 30 3x1,5mm blanco","5.91","ROBA3X1'5 30975052"
"Telecom / Porteros","Cable interfono 6x0'25mm con funda","1.48","INTERFONO      "
"Cajas / Acometida / Accesorios","Pinza de amarre PA-25 acometida 200 daN","4.15","PINZA 0564100"
"Cajas / Acometida / Accesorios","Tensor DIN 1480 TGC1/2","8.4","TENSOR 0956063"
"Iluminación / Luminarias / Jardín","Columna Villa ECO 3,2m negro horno PP","658.53","VILLA ICVI32EHPP"
"Cuadros / Accesorios / Bornas Rail","Bornas Viking3 50mm2 ( borna rail )","34.29","BORNARAIL50 037166"
"Canalización / Minicanal / Accesorios","Caja de derivación para minicanal Unex Serie 40 U48X 110x150x45mm blanco libre de halógenos (LHA)","13.73","CAJAUNEX110X150 40041-42"
"Canalización / Minicanal / Accesorios","Caja de derivación para minicanal Legrand DLPlus 85x85x38mm blanco","7.46","CDM1 636375"
"Mecanismos / BJC / Rehabitat","Conmutador BJC Coral 10A tecla basculante","4.94","REHABCON 16506"
"Iluminación / Bombillas / Portalámparas","Portalámparas E27","3.32","PORTAE27 6620020008"
"Mecanismos / Legrand / Clavijas aéreas","Clavija con toma de tierra schuko Legrand (2P+T) 25A 250V blanco ","21.08","CLAVIJA25A 055800"
"Cuadros / Protecciones / Hager","Contactor modular para cuadro de distribución Hager ESC 40A 2NA 230V AC","143.5","CONTACTORH240A ESC240"
"Iluminación / Luminarias / Downlights","Foco de superficie Breno 18W ","29.0","BRENOSUP       "
"Mecanismos / Schneider / New Unica","Caja de superficie para mecanismo empotrable Schneider Electric New Unica 3 elementos horizontal blanco","15.89","UNICAZ3 NUZ3 NU800618"
"Mecanismos / Schneider / New Unica","Caja de superficie para mecanismo empotrable Schneider Electric New Unica 1 elemento horizontal blanco","6.29","UNICAZ1 NUZ1 NU800218"
"Mecanismos / Legrand / Plexo","Caja de superficie para mecanismo empotrable Legrand Plexo 1 elemento horizontal y vertical gris estanco (IP55)","5.16","PLEXOZ1 069651"
"Mecanismos / Legrand / Plexo","Caja de superficie para mecanismo empotrable Legrand Plexo 3 elementos horizontal gris estanco (IP55)","27.34","PLEXOZ3 069680"
"Mecanismos / Legrand / Plexo","Caja de superficie para mecanismo empotrable Legrand Plexo 2 elementos horizontal gris estanco (IP55)","18.52","PLEXOZ2  069672"
"Mecanismos / Simon / Simon 27","Caja de superficie para mecanismo empotrable Simon Serie 27 3 elementos horizontal y vertical blanco","18.68","S27Z3 27831-35"
"Mecanismos / Schneider / Mureva","Caja de superficie para mecanismo empotrable Schneider Electric Mureva Styl 3 elementos horizontal estanco (IP55)","24.38","MUZ3 MUR37713"
"Mecanismos / Schneider / Mureva","Caja de superficie para mecanismo empotrable Schneider Electric Mureva Styl 2 elementos horizontal estanco (IP55)","15.89","MUZ2 MUR37914"
"Mecanismos / Schneider / Mureva","Caja de superficie para mecanismo empotrable Schneider Electric Mureva Styl 1 elemento horizontal y vertical estanco (IP55)","5.36","MUZ1 MUR37911"
"Mecanismos / Simon / Simon 31","Conmutador Simon Serie 31 10A tecla basculante blanco","18.33","S31CON 31201-30"
"Mecanismos / Simon / Simon 27","Caja de superficie para mecanismo empotrable Simon Serie 27 1 elemento horizontal y vertical blanco.","8.15","S27Z1 27811-35"
"Mecanismos / Legrand / Mosaic","Caja para instalación en suelo Legrand 1 módulos gris ","18.44","CAJASUELOREDONDA 081988"
"Iluminación / Bombillas / Portalámparas","Portalámparas EIVA para exterior E27 protección IP65 prellenado de gel aislante.","15.8","PORTAE27IP65 CDPL27PNEIVA"
"Mecanismos / Schneider / New Unica","Caja para puesto de trabajo empotrar Schneider Electric New Unica 2 columnas 8 módulos blanco","28.04","UNICAPT4EMP NUPT4EMP NU172418"
"Cajas / Acometida / Accesorios","Cartucho fusible tipo D02 63A 400V gL/gG (protección total de línea)","2.89","FNEOZED C201873"
"Mecanismos / Schneider / New Unica","Caja para puesto de trabajo empotrar Schneider Electric New Unica 4 columnas 16 módulos blanco","42.36","UNICAPT8EMP NUPT8EMP NU174418"
"Mecanismos / Schneider / New Unica","Caja para puesto de trabajo superficie Schneider Electric New Unica 2 columnas 8 módulos blanco","25.38","UNICAPT4SUP NUPT4SUP NU122418"
"Mecanismos / Schneider / New Unica","Caja para puesto de trabajo superficie Schneider Electric New Unica 3 columnas 12 módulos blanco","32.21","UNICAPT6SUP NUPT6SUP NU123418"
"Mecanismos / Legrand / Plexo","Caja salida de cables Legrand Plexo Monobloc superficie/empotrable plástico 130mm IP55 gris","27.77","PLEXOSALIDA 069848"
"Mecanismos / Schneider / New Unica","Caja para puesto de trabajo empotrar Schneider Electric New Unica 3 columnas 12 módulos blanco","33.83","UNICAPT6EMP NUPT6EMP NU173418"
"Mecanismos / BJC / Iris","Caja salida de cables BJC Iris/Coral superficie/empotrable metal 230mm IP20 con Tapa para mecanismos BJC Iris para salida de cable blanco ","13.35","IRISSALIDA 18534 18734"
"Mecanismos / Simon / Simon 31","Caja salida de cables Simon Serie 31 superficie/empotrable metal 450mm IP20 blanco","19.71","S31SALIDA 31801-30"
"Mecanismos / Simon / Simon 75","Caja de superficie para mecanismo empotrable Simon Serie 75 2 elementos horizontal y vertical blanco","14.07","S75Z2  75760-30"
"Mecanismos / Simon / Simon 31","Caja de superficie para mecanismo empotrable Simon Serie 31 1 elemento horizontal y vertical blanco","15.64","S31Z1 31751-30"
"Mecanismos / Simon / Simon 75","Caja de superficie para mecanismo empotrable Simon Serie 75 1 elemento horizontal y vertical blanco","8.22","S75Z1 75750-30"
"Cajas / Acometida / Accesorios","Cartucho fusible tipo D03 80A 400V gL/gG (protección total de línea)","12.14","FD03 L216716"
"Canalización / Minicanal / Accesorios","Caja de mecanismo para instalación en minicanal simple Legrand DLPlus plástico blanco libre de halógenos (LHA)","6.17","CMM 636370"
"Mecanismos / Boyas","Boya de nivel BR10 para aguas residuales 10m cable","87.8","BOYA10M 10003296"
"Mecanismos / Schneider / Mureva","Conmutador Schneider Electric Mureva Styl 10A tecla basculante con iluminación estanco (IP55)","20.35","MUCONLUM MUR35025"
"Cajas / Solera","Cajetín para mecanismo Solera Mecabox 1 módulo 60x65x40mm","0.63","CAJETIN 6625"
"Telecom / Accesorios","Clavija enchufable para telecomunicaciones Legrand LCS RJ45 conector 8 contactos","2.65","RJ45MACHO 051703"
"Telecom / Accesorios","Conector S-One RJ45 Schneider cat6","8.07","SONE VDIB17726U12"
"Iluminación / Luminarias / Pantallas estancas / Tubos LED","Celer tubo LED T8 Security Glass C4 , 9W, 600mm, 300°, 900lm","7.53","TL60CELER 7000000301"
"Iluminación / Luminarias / Downlights","Celer Aro redondo Confort Visual 40mm Blanco GU10","9.88","CONFORT 7100030270"
"Iluminación / Luminarias / Downlights","Downlight LED Celer Neopanel redondo corte Ø115mm 6W 5500K 650lm no dimable blanco","13.86","NEOPANEL6W 7100020233"
"Telecom / Accesorios","Conector modular Kommdata Toolless hembra CAT6 UTP","6.9","TOMAKOMMDATA 7280010061"
"Canalización / Canal","Canal para suelo plástico Legrand DLPlus 75x18/2000mm gris oscuro","12.74","CANYA 030093"
"Mecanismos / Schneider / Mureva","Conmutador Schneider Electric Mureva Styl 10A tecla basculante estanco (IP55)","9.54","MUCON MUR39723"
"Mecanismos / Schneider / Mureva","Conmutador doble Schneider Electric Mureva Styl estanco (IP55)","24.21","MUDOBLE MUR35019"
"Mecanismos / BJC / Iris","Conmutador doble BJC Iris/Aura ","16.47","IRISDOBLE 18510"
"Mecanismos / BJC / Iris","Cruzamiento BJC Iris/Aura 10A ","16.38","IRISCRUCE 18507"
"Mecanismos / Simon / Simon 31","Cruzamiento Simon Serie 31 10A blanco","32.87","S31CRUCE 31251-30"
"Mecanismos / Simon / Simon 31","Conmutador doble Simon Serie 31 blanco","39.27","S31DOBLE 31397-30"
"Mecanismos / BJC / Rehabitat","Cruzamiento BJC Coral 10A","13.43","REHABCRUCE 16507"
"Cuadros / Protecciones / Hager","Contactor modular para cuadro de distribución Hager ESC 25A 2NA 230V","93.0","CONTACTORH225A ESC225"
"Mecanismos / Simon / Simon 75","Conmutador Simon Serie 75/82 10A tecla basculante","11.22","S75CON 75201-39"
"Mecanismos / Simon / Simon 75","Conmutador doble Simon Serie 75/82","27.17","S75DOBLE 75397-39"
"Mecanismos / Simon / Simon 75","Cruzamiento Simon Serie 75/82 10A","23.84","S75CRUCE 75251-39"
"Iluminación / Tiras LED / Accesorios","Driver LED Mean Well 35W 0-1500mA 24V salida fija","25.0","TRAFO35 LIMW2435WP"
"Cableado / K-Flex negro","K-FLEX color negro 1x50mm2","24.87","K1X50"
"Iluminación / Luminarias / Apliques","Aplique LEK 6,8W 220-240V 10° 120° 3.000K IP54 530lm","59.06","LEK 3983"
"Mecanismos / Schneider / Mureva","Cruzamiento Schneider Electric Mureva Styl 10A estanco (IP55)","30.9","MUCRUCE MUR35020"
"Cuadros / Protecciones / Hager","Contactor modular para cuadro de distribución Hager ESC 25A 4NA 230V AC","161.77","CONTACTORH425A ESC425"
"Cuadros / Accesorios","Contador de energía monofásico Schneider Electric iEM2000 medición directa clase B 40ln certificado MID","142.57","CONTADORMONOSCH A9MEM2010"
"Mecanismos / Legrand / Plexo","Detector de movimiento PLEXO Legrand SENSOR IR 2H 250W","118.24","PLEXODETECTORMOV 069520"
"Canalización / Acero / Accesorios","Curva tubería instalación de cables acero Ø32mm enchufable rígido IP54","8.73","ACEROCURVA32 6203001032"
"Canalización / Acero / Accesorios","Curva tubería instalación de cables acero Ø50mm enchufable rígido IP54 ","24.84","ACEROCURVA50 6203001050"
"Iluminación / Reguladores","Regulador modular para tira LED con control potenciometro frontal 8A","70.45","REEL1LE2"
"Iluminación / Luminarias / Downlights","Downlight LED 20W empotrar redondo blanco","110.0","LED20W         "
"Iluminación / Luminarias / Downlights","Downlight de empotrar 16W LED Fosnova","32.2","FOSNOVA16W     "
"Iluminación / Luminarias / Downlights","Empotrable Secom 2x26 W color blanco ( 2 lamparas PL )","43.45","2X26           "
"Iluminación / Luminarias / Downlights","Empotrable Secom 2x26 W color cromado( 2 lamparas PL )","49.68","2X26CRO        "
"Iluminación / Luminarias / Downlights","Empotrable de techo LEDS-C4 GES ","34.95","GES            "
"Ventilación / Extractores","Extractor baño/aseo EDM-80N 9W 2350rpm","53.06","80N 5210035100"
"Iluminación / Luminarias / Jardín","Accesorio pincho grande negro LedsC4","43.55","ESTOQUE 71-9998-05-05"
"Cuadros / Protecciones / Schneider","Guardamotor Schneider Electric TeSys GV2 3 polos 6,3A IP20 4-6,3A 690V","151.81","DISYUNTOR6'3  GV2ME10"
"Iluminación / Accesorios","Equipo Elt 150W halogenuro metalico","56.2","ELT150         "
"Partidas","Derivación individual monofásica empotrada para vivienda, formada por cables unipolares con conductores de cobre, H07Z1-K (AS) B2ca-s1a,d1,a1 3G16 mm², siendo su tensión asignada de 450/750 V","38.65","DERIVA3X16"
"Iluminación / Detectores","Detector de movimiento empotrar PIR KDP9 360 supermini KOBAN","43.01","DETECTORMINI 0767812"
"Iluminación / Luminarias / Jardín","Foco piqueta jardín Dopo Geronimo 4,5W LED intercambiable GU10 negro estanco (IP67)","49.0","GERONIMO 463A-G21X1A-02"
"Mecanismos / Simon / Simon 75","Pieza intermedia Simon Serie 75 blanco nieve","2.68","S75INTER 75900-39"
"Mecanismos / BJC / Iris","Doble pulsador tecla basculante BJC Iris/Aura sin impresión","13.62","IRISDOBLEPULS 18511"
"Cajas / Acometida / Accesorios","Fusible cilíndrico 63A 22x58 mm 690VAC/440VDC gL/gG (protección total de línea)","2.74","FUTE 422063"
"Ventilación / Extractores","Extractor baño SILENT-100-CZ 8W 2100rpm","83.45","SILENT100CZ 5210400700"
"Iluminación / Luminarias / Downlights","Foco de empotrar Breno 9W","15.66","BRENOEMP9W 482868"
"Iluminación / Luminarias / Downlights","Foco tipo downlight empotrado con bombilla GU10 LED completamente instalado","55.0","FOQUITO"
"Iluminación / Luminarias / Proyectores","Foco LED Ledvance 90W IP65","169.8","LEDVANCE90     "
"Iluminación / Luminarias / Proyectores","Foco LED Ledvance 135W IP65","255.9","LEDVANCE135    "
"Iluminación / Luminarias / Proyectores","Foco LED Ledvance 180W IP65","311.85","LEDVANCE180    "
